Nom Cours,Chapitres,Professeur
Physique,"Mécanique, Électricité",Dr. Dupont
Chimie,"Chimie organique, Réactions",Dr. Moreau
Mathématiques,"Algèbre, Analyse",Dr. Lefèvre
Biologie,"Génétique, Écologie",Dr. Martin
Informatique,"Programmation, Bases de données",Dr. Bernard
Physique,"Mécanique, Électricité",Dr. Dupont
Chimie,"Chimie organique, Réactions",Dr. Moreau
Mathématiques,"Algèbre, Analyse",Dr. Lefèvre
Biologie,"Génétique, Écologie",Dr. Martin
Informatique,"Programmation, Bases de données",Dr. Bernard
Physique,"Mécanique, Électricité",Dr. Dupont
Chimie,"Chimie organique, Réactions",Dr. Moreau
Mathématiques,"Algèbre, Analyse",Dr. Lefèvre
Biologie,"Génétique, Écologie",Dr. Martin
Informatique,"Programmation, Bases de données",Dr. Bernard
Physique,"Mécanique, Électricité",Dr. Dupont
Chimie,"Chimie organique, Réactions",Dr. Moreau
Mathématiques,"Algèbre, Analyse",Dr. Lefèvre
Biologie,"Génétique, Écologie",Dr. Martin
Informatique,"Programmation, Bases de données",Dr. Bernard
Physique,"Mécanique, Électricité",Dr. Dupont
Chimie,"Chimie organique, Réactions",Dr. Moreau
Mathématiques,"Algèbre, Analyse",Dr. Lefèvre
Biologie,"Génétique, Écologie",Dr. Martin
Informatique,"Programmation, Bases de données",Dr. Bernard
Physique,"Mécanique, Électricité",Dr. Dupont
Chimie,"Chimie organique, Réactions",Dr. Moreau
Mathématiques,"Algèbre, Analyse",Dr. Lefèvre
Biologie,"Génétique, Écologie",Dr. Martin
Informatique,"Programmation, Bases de données",Dr. Bernard
Physique,"Mécanique, Électricité",Dr. Dupont
Chimie,"Chimie organique, Réactions",Dr. Moreau
Mathématiques,"Algèbre, Analyse",Dr. Lefèvre
Biologie,"Génétique, Écologie",Dr. Martin
Informatique,"Programmation, Bases de données",Dr. Bernard
Physique,"Mécanique, Électricité",Dr. Dupont
Chimie,"Chimie organique, Réactions",Dr. Moreau
Mathématiques,"Algèbre, Analyse",Dr. Lefèvre
Biologie,"Génétique, Écologie",Dr. Martin
Informatique,"Programmation, Bases de données",Dr. Bernard
Physique,"Mécanique, Électricité",Dr. Dupont
Chimie,"Chimie organique, Réactions",Dr. Moreau
Mathématiques,"Algèbre, Analyse",Dr. Lefèvre
Biologie,"Génétique, Écologie",Dr. Martin
Informatique,"Programmation, Bases de données",Dr. Bernard
Physique,"Mécanique, Électricité",Dr. Dupont
Chimie,"Chimie organique, Réactions",Dr. Moreau
Mathématiques,"Algèbre, Analyse",Dr. Lefèvre
Biologie,"Génétique, Écologie",Dr. Martin
Informatique,"Programmation, Bases de données",Dr. Bernard
Physique,"Mécanique, Électricité",Dr. Dupont
Chimie,"Chimie organique, Réactions",Dr. Moreau
Mathématiques,"Algèbre, Analyse",Dr. Lefèvre
Biologie,"Génétique, Écologie",Dr. Martin
Informatique,"Programmation, Bases de données",Dr. Bernard
Physique,"Mécanique, Électricité",Dr. Dupont
Chimie,"Chimie organique, Réactions",Dr. Moreau
Mathématiques,"Algèbre, Analyse",Dr. Lefèvre
Biologie,"Génétique, Écologie",Dr. Martin
Informatique,"Programmation, Bases de données",Dr. Bernard
Physique,"Mécanique, Électricité",Dr. Dupont
Chimie,"Chimie organique, Réactions",Dr. Moreau
Mathématiques,"Algèbre, Analyse",Dr. Lefèvre
Biologie,"Génétique, Écologie",Dr. Martin
Informatique,"Programmation, Bases de données",Dr. Bernard
Physique,"Mécanique, Électricité",Dr. Dupont
Chimie,"Chimie organique, Réactions",Dr. Moreau
Mathématiques,"Algèbre, Analyse",Dr. Lefèvre
Biologie,"Génétique, Écologie",Dr. Martin
Informatique,"Programmation, Bases de données",Dr. Bernard
Physique,"Mécanique, Électricité",Dr. Dupont
Chimie,"Chimie organique, Réactions",Dr. Moreau
Mathématiques,"Algèbre, Analyse",Dr. Lefèvre
Biologie,"Génétique, Écologie",Dr. Martin
Informatique,"Programmation, Bases de données",Dr. Bernard
Physique,"Mécanique, Électricité",Dr. Dupont
Chimie,"Chimie organique, Réactions",Dr. Moreau
Mathématiques,"Algèbre, Analyse",Dr. Lefèvre
Biologie,"Génétique, Écologie",Dr. Martin
Informatique,"Programmation, Bases de données",Dr. Bernard
Physique,"Mécanique, Électricité",Dr. Dupont
Chimie,"Chimie organique, Réactions",Dr. Moreau
Mathématiques,"Algèbre, Analyse",Dr. Lefèvre
Biologie,"Génétique, Écologie",Dr. Martin
Informatique,"Programmation, Bases de données",Dr. Bernard
Physique,"Mécanique, Électricité",Dr. Dupont
Chimie,"Chimie organique, Réactions",Dr. Moreau
Mathématiques,"Algèbre, Analyse",Dr. Lefèvre
Biologie,"Génétique, Écologie",Dr. Martin
Informatique,"Programmation, Bases de données",Dr. Bernard
Physique,"Mécanique, Électricité",Dr. Dupont
Chimie,"Chimie organique, Réactions",Dr. Moreau
Mathématiques,"Algèbre, Analyse",Dr. Lefèvre
Biologie,"Génétique, Écologie",Dr. Martin
Informatique,"Programmation, Bases de données",Dr. Bernard
Physique,"Mécanique, Électricité",Dr. Dupont
Chimie,"Chimie organique, Réactions",Dr. Moreau
Mathématiques,"Algèbre, Analyse",Dr. Lefèvre
Biologie,"Génétique, Écologie",Dr. Martin
Informatique,"Programmation, Bases de données",Dr. Bernard
Physique,"Mécanique, Électricité",Dr. Dupont
Chimie,"Chimie organique, Réactions",Dr. Moreau
Mathématiques,"Algèbre, Analyse",Dr. Lefèvre
Biologie,"Génétique, Écologie",Dr. Martin
Informatique,"Programmation, Bases de données",Dr. Bernard
Physique,"Mécanique, Électricité",Dr. Dupont
Chimie,"Chimie organique, Réactions",Dr. Moreau
Mathématiques,"Algèbre, Analyse",Dr. Lefèvre
Biologie,"Génétique, Écologie",Dr. Martin
Informatique,"Programmation, Bases de données",Dr. Bernard
Physique,"Mécanique, Électricité",Dr. Dupont
Chimie,"Chimie organique, Réactions",Dr. Moreau
Mathématiques,"Algèbre, Analyse",Dr. Lefèvre
Biologie,"Génétique, Écologie",Dr. Martin
Informatique,"Programmation, Bases de données",Dr. Bernard
Physique,"Mécanique, Électricité",Dr. Dupont
Chimie,"Chimie organique, Réactions",Dr. Moreau
Mathématiques,"Algèbre, Analyse",Dr. Lefèvre
Biologie,"Génétique, Écologie",Dr. Martin
Informatique,"Programmation, Bases de données",Dr. Bernard
Physique,"Mécanique, Électricité",Dr. Dupont
Chimie,"Chimie organique, Réactions",Dr. Moreau
Mathématiques,"Algèbre, Analyse",Dr. Lefèvre
Biologie,"Génétique, Écologie",Dr. Martin
Informatique,"Programmation, Bases de données",Dr. Bernard
Physique,"Mécanique, Électricité",Dr. Dupont
Chimie,"Chimie organique, Réactions",Dr. Moreau
Mathématiques,"Algèbre, Analyse",Dr. Lefèvre
Biologie,"Génétique, Écologie",Dr. Martin
Informatique,"Programmation, Bases de données",Dr. Bernard
Physique,"Mécanique, Électricité",Dr. Dupont
Chimie,"Chimie organique, Réactions",Dr. Moreau
Mathématiques,"Algèbre, Analyse",Dr. Lefèvre
Biologie,"Génétique, Écologie",Dr. Martin
Informatique,"Programmation, Bases de données",Dr. Bernard
Physique,"Mécanique, Électricité",Dr. Dupont
Chimie,"Chimie organique, Réactions",Dr. Moreau
Mathématiques,"Algèbre, Analyse",Dr. Lefèvre
Biologie,"Génétique, Écologie",Dr. Martin
Informatique,"Programmation, Bases de données",Dr. Bernard
Physique,"Mécanique, Électricité",Dr. Dupont
Chimie,"Chimie organique, Réactions",Dr. Moreau
Mathématiques,"Algèbre, Analyse",Dr. Lefèvre
Biologie,"Génétique, Écologie",Dr. Martin
Informatique,"Programmation, Bases de données",Dr. Bernard
Physique,"Mécanique, Électricité",Dr. Dupont
Chimie,"Chimie organique, Réactions",Dr. Moreau
Mathématiques,"Algèbre, Analyse",Dr. Lefèvre
Biologie,"Génétique, Écologie",Dr. Martin
Informatique,"Programmation, Bases de données",Dr. Bernard
Physique,"Mécanique, Électricité",Dr. Dupont
Chimie,"Chimie organique, Réactions",Dr. Moreau
Mathématiques,"Algèbre, Analyse",Dr. Lefèvre
Biologie,"Génétique, Écologie",Dr. Martin
Informatique,"Programmation, Bases de données",Dr. Bernard
Physique,"Mécanique, Électricité",Dr. Dupont
Chimie,"Chimie organique, Réactions",Dr. Moreau
Mathématiques,"Algèbre, Analyse",Dr. Lefèvre
Biologie,"Génétique, Écologie",Dr. Martin
Informatique,"Programmation, Bases de données",Dr. Bernard
Physique,"Mécanique, Électricité",Dr. Dupont
Chimie,"Chimie organique, Réactions",Dr. Moreau
Mathématiques,"Algèbre, Analyse",Dr. Lefèvre
Biologie,"Génétique, Écologie",Dr. Martin
Informatique,"Programmation, Bases de données",Dr. Bernard
Physique,"Mécanique, Électricité",Dr. Dupont
Chimie,"Chimie organique, Réactions",Dr. Moreau
Mathématiques,"Algèbre, Analyse",Dr. Lefèvre
Biologie,"Génétique, Écologie",Dr. Martin
Informatique,"Programmation, Bases de données",Dr. Bernard
Physique,"Mécanique, Électricité",Dr. Dupont
Chimie,"Chimie organique, Réactions",Dr. Moreau
Mathématiques,"Algèbre, Analyse",Dr. Lefèvre
Biologie,"Génétique, Écologie",Dr. Martin
Informatique,"Programmation, Bases de données",Dr. Bernard
Physique,"Mécanique, Électricité",Dr. Dupont
Chimie,"Chimie organique, Réactions",Dr. Moreau
Mathématiques,"Algèbre, Analyse",Dr. Lefèvre
Biologie,"Génétique, Écologie",Dr. Martin
Informatique,"Programmation, Bases de données",Dr. Bernard
Physique,"Mécanique, Électricité",Dr. Dupont
Chimie,"Chimie organique, Réactions",Dr. Moreau
Mathématiques,"Algèbre, Analyse",Dr. Lefèvre
Biologie,"Génétique, Écologie",Dr. Martin
Informatique,"Programmation, Bases de données",Dr. Bernard
Physique,"Mécanique, Électricité",Dr. Dupont
Chimie,"Chimie organique, Réactions",Dr. Moreau
Mathématiques,"Algèbre, Analyse",Dr. Lefèvre
Biologie,"Génétique, Écologie",Dr. Martin
Informatique,"Programmation, Bases de données",Dr. Bernard
Physique,"Mécanique, Électricité",Dr. Dupont
Chimie,"Chimie organique, Réactions",Dr. Moreau
Mathématiques,"Algèbre, Analyse",Dr. Lefèvre
Biologie,"Génétique, Écologie",Dr. Martin
Informatique,"Programmation, Bases de données",Dr. Bernard
Physique,"Mécanique, Électricité",Dr. Dupont
Chimie,"Chimie organique, Réactions",Dr. Moreau
Mathématiques,"Algèbre, Analyse",Dr. Lefèvre
Biologie,"Génétique, Écologie",Dr. Martin
Informatique,"Programmation, Bases de données",Dr. Bernard
Physique,"Mécanique, Électricité",Dr. Dupont
Chimie,"Chimie organique, Réactions",Dr. Moreau
Mathématiques,"Algèbre, Analyse",Dr. Lefèvre
Biologie,"Génétique, Écologie",Dr. Martin
Informatique,"Programmation, Bases de données",Dr. Bernard
Physique,"Mécanique, Électricité",Dr. Dupont
Chimie,"Chimie organique, Réactions",Dr. Moreau
Mathématiques,"Algèbre, Analyse",Dr. Lefèvre
Biologie,"Génétique, Écologie",Dr. Martin
Informatique,"Programmation, Bases de données",Dr. Bernard
Physique,"Mécanique, Électricité",Dr. Dupont
Chimie,"Chimie organique, Réactions",Dr. Moreau
Mathématiques,"Algèbre, Analyse",Dr. Lefèvre
Biologie,"Génétique, Écologie",Dr. Martin
Informatique,"Programmation, Bases de données",Dr. Bernard
Physique,"Mécanique, Électricité",Dr. Dupont
Chimie,"Chimie organique, Réactions",Dr. Moreau
Mathématiques,"Algèbre, Analyse",Dr. Lefèvre
Biologie,"Génétique, Écologie",Dr. Martin
Informatique,"Programmation, Bases de données",Dr. Bernard
Physique,"Mécanique, Électricité",Dr. Dupont
Chimie,"Chimie organique, Réactions",Dr. Moreau
Mathématiques,"Algèbre, Analyse",Dr. Lefèvre
Biologie,"Génétique, Écologie",Dr. Martin
Informatique,"Programmation, Bases de données",Dr. Bernard
Physique,"Mécanique, Électricité",Dr. Dupont
Chimie,"Chimie organique, Réactions",Dr. Moreau
Mathématiques,"Algèbre, Analyse",Dr. Lefèvre
Biologie,"Génétique, Écologie",Dr. Martin
Informatique,"Programmation, Bases de données",Dr. Bernard
Physique,"Mécanique, Électricité",Dr. Dupont
Chimie,"Chimie organique, Réactions",Dr. Moreau
Mathématiques,"Algèbre, Analyse",Dr. Lefèvre
Biologie,"Génétique, Écologie",Dr. Martin
Informatique,"Programmation, Bases de données",Dr. Bernard
Physique,"Mécanique, Électricité",Dr. Dupont
Chimie,"Chimie organique, Réactions",Dr. Moreau
Mathématiques,"Algèbre, Analyse",Dr. Lefèvre
Biologie,"Génétique, Écologie",Dr. Martin
Informatique,"Programmation, Bases de données",Dr. Bernard
Physique,"Mécanique, Électricité",Dr. Dupont
Chimie,"Chimie organique, Réactions",Dr. Moreau
Mathématiques,"Algèbre, Analyse",Dr. Lefèvre
Biologie,"Génétique, Écologie",Dr. Martin
Informatique,"Programmation, Bases de données",Dr. Bernard
Physique,"Mécanique, Électricité",Dr. Dupont
Chimie,"Chimie organique, Réactions",Dr. Moreau
Mathématiques,"Algèbre, Analyse",Dr. Lefèvre
Biologie,"Génétique, Écologie",Dr. Martin
Informatique,"Programmation, Bases de données",Dr. Bernard
Physique,"Mécanique, Électricité",Dr. Dupont
Chimie,"Chimie organique, Réactions",Dr. Moreau
Mathématiques,"Algèbre, Analyse",Dr. Lefèvre
Biologie,"Génétique, Écologie",Dr. Martin
Informatique,"Programmation, Bases de données",Dr. Bernard
Physique,"Mécanique, Électricité",Dr. Dupont
Chimie,"Chimie organique, Réactions",Dr. Moreau
Mathématiques,"Algèbre, Analyse",Dr. Lefèvre
Biologie,"Génétique, Écologie",Dr. Martin
Informatique,"Programmation, Bases de données",Dr. Bernard
Physique,"Mécanique, Électricité",Dr. Dupont
Chimie,"Chimie organique, Réactions",Dr. Moreau
Mathématiques,"Algèbre, Analyse",Dr. Lefèvre
Biologie,"Génétique, Écologie",Dr. Martin
Informatique,"Programmation, Bases de données",Dr. Bernard
Physique,"Mécanique, Électricité",Dr. Dupont
Chimie,"Chimie organique, Réactions",Dr. Moreau
Mathématiques,"Algèbre, Analyse",Dr. Lefèvre
Biologie,"Génétique, Écologie",Dr. Martin
Informatique,"Programmation, Bases de données",Dr. Bernard
Physique,"Mécanique, Électricité",Dr. Dupont
Chimie,"Chimie organique, Réactions",Dr. Moreau
Mathématiques,"Algèbre, Analyse",Dr. Lefèvre
Biologie,"Génétique, Écologie",Dr. Martin
Informatique,"Programmation, Bases de données",Dr. Bernard
Physique,"Mécanique, Électricité",Dr. Dupont
Chimie,"Chimie organique, Réactions",Dr. Moreau
Mathématiques,"Algèbre, Analyse",Dr. Lefèvre
Biologie,"Génétique, Écologie",Dr. Martin
Informatique,"Programmation, Bases de données",Dr. Bernard
Physique,"Mécanique, Électricité",Dr. Dupont
Chimie,"Chimie organique, Réactions",Dr. Moreau
Mathématiques,"Algèbre, Analyse",Dr. Lefèvre
Biologie,"Génétique, Écologie",Dr. Martin
Informatique,"Programmation, Bases de données",Dr. Bernard
Physique,"Mécanique, Électricité",Dr. Dupont
Chimie,"Chimie organique, Réactions",Dr. Moreau
Mathématiques,"Algèbre, Analyse",Dr. Lefèvre
Biologie,"Génétique, Écologie",Dr. Martin
Informatique,"Programmation, Bases de données",Dr. Bernard
Physique,"Mécanique, Électricité",Dr. Dupont
Chimie,"Chimie organique, Réactions",Dr. Moreau
Mathématiques,"Algèbre, Analyse",Dr. Lefèvre
Biologie,"Génétique, Écologie",Dr. Martin
Informatique,"Programmation, Bases de données",Dr. Bernard
Physique,"Mécanique, Électricité",Dr. Dupont
Chimie,"Chimie organique, Réactions",Dr. Moreau
Mathématiques,"Algèbre, Analyse",Dr. Lefèvre
Biologie,"Génétique, Écologie",Dr. Martin
Informatique,"Programmation, Bases de données",Dr. Bernard
Physique,"Mécanique, Électricité",Dr. Dupont
Chimie,"Chimie organique, Réactions",Dr. Moreau
Mathématiques,"Algèbre, Analyse",Dr. Lefèvre
Biologie,"Génétique, Écologie",Dr. Martin
Informatique,"Programmation, Bases de données",Dr. Bernard
Physique,"Mécanique, Électricité",Dr. Dupont
Chimie,"Chimie organique, Réactions",Dr. Moreau
Mathématiques,"Algèbre, Analyse",Dr. Lefèvre
Biologie,"Génétique, Écologie",Dr. Martin
Informatique,"Programmation, Bases de données",Dr. Bernard
Physique,"Mécanique, Électricité",Dr. Dupont
Chimie,"Chimie organique, Réactions",Dr. Moreau
Mathématiques,"Algèbre, Analyse",Dr. Lefèvre
Biologie,"Génétique, Écologie",Dr. Martin
Informatique,"Programmation, Bases de données",Dr. Bernard
Physique,"Mécanique, Électricité",Dr. Dupont
Chimie,"Chimie organique, Réactions",Dr. Moreau
Mathématiques,"Algèbre, Analyse",Dr. Lefèvre
Biologie,"Génétique, Écologie",Dr. Martin
Informatique,"Programmation, Bases de données",Dr. Bernard
Physique,"Mécanique, Électricité",Dr. Dupont
Chimie,"Chimie organique, Réactions",Dr. Moreau
Mathématiques,"Algèbre, Analyse",Dr. Lefèvre
Biologie,"Génétique, Écologie",Dr. Martin
Informatique,"Programmation, Bases de données",Dr. Bernard
Physique,"Mécanique, Électricité",Dr. Dupont
Chimie,"Chimie organique, Réactions",Dr. Moreau
Mathématiques,"Algèbre, Analyse",Dr. Lefèvre
Biologie,"Génétique, Écologie",Dr. Martin
Informatique,"Programmation, Bases de données",Dr. Bernard
Physique,"Mécanique, Électricité",Dr. Dupont
Chimie,"Chimie organique, Réactions",Dr. Moreau
Mathématiques,"Algèbre, Analyse",Dr. Lefèvre
Biologie,"Génétique, Écologie",Dr. Martin
Informatique,"Programmation, Bases de données",Dr. Bernard
Physique,"Mécanique, Électricité",Dr. Dupont
Chimie,"Chimie organique, Réactions",Dr. Moreau
Mathématiques,"Algèbre, Analyse",Dr. Lefèvre
Biologie,"Génétique, Écologie",Dr. Martin
Informatique,"Programmation, Bases de données",Dr. Bernard
Physique,"Mécanique, Électricité",Dr. Dupont
Chimie,"Chimie organique, Réactions",Dr. Moreau
Mathématiques,"Algèbre, Analyse",Dr. Lefèvre
Biologie,"Génétique, Écologie",Dr. Martin
Informatique,"Programmation, Bases de données",Dr. Bernard
Physique,"Mécanique, Électricité",Dr. Dupont
Chimie,"Chimie organique, Réactions",Dr. Moreau
Mathématiques,"Algèbre, Analyse",Dr. Lefèvre
Biologie,"Génétique, Écologie",Dr. Martin
Informatique,"Programmation, Bases de données",Dr. Bernard
Physique,"Mécanique, Électricité",Dr. Dupont
Chimie,"Chimie organique, Réactions",Dr. Moreau
Mathématiques,"Algèbre, Analyse",Dr. Lefèvre
Biologie,"Génétique, Écologie",Dr. Martin
Informatique,"Programmation, Bases de données",Dr. Bernard
Physique,"Mécanique, Électricité",Dr. Dupont
Chimie,"Chimie organique, Réactions",Dr. Moreau
Mathématiques,"Algèbre, Analyse",Dr. Lefèvre
Biologie,"Génétique, Écologie",Dr. Martin
Informatique,"Programmation, Bases de données",Dr. Bernard
Physique,"Mécanique, Électricité",Dr. Dupont
Chimie,"Chimie organique, Réactions",Dr. Moreau
Mathématiques,"Algèbre, Analyse",Dr. Lefèvre
Biologie,"Génétique, Écologie",Dr. Martin
Informatique,"Programmation, Bases de données",Dr. Bernard
Physique,"Mécanique, Électricité",Dr. Dupont
Chimie,"Chimie organique, Réactions",Dr. Moreau
Mathématiques,"Algèbre, Analyse",Dr. Lefèvre
Biologie,"Génétique, Écologie",Dr. Martin
Informatique,"Programmation, Bases de données",Dr. Bernard
Physique,"Mécanique, Électricité",Dr. Dupont
Chimie,"Chimie organique, Réactions",Dr. Moreau
Mathématiques,"Algèbre, Analyse",Dr. Lefèvre
Biologie,"Génétique, Écologie",Dr. Martin
Informatique,"Programmation, Bases de données",Dr. Bernard
Physique,"Mécanique, Électricité",Dr. Dupont
Chimie,"Chimie organique, Réactions",Dr. Moreau
Mathématiques,"Algèbre, Analyse",Dr. Lefèvre
Biologie,"Génétique, Écologie",Dr. Martin
Informatique,"Programmation, Bases de données",Dr. Bernard
Physique,"Mécanique, Électricité",Dr. Dupont
Chimie,"Chimie organique, Réactions",Dr. Moreau
Mathématiques,"Algèbre, Analyse",Dr. Lefèvre
Biologie,"Génétique, Écologie",Dr. Martin
Informatique,"Programmation, Bases de données",Dr. Bernard
Physique,"Mécanique, Électricité",Dr. Dupont
Chimie,"Chimie organique, Réactions",Dr. Moreau
Mathématiques,"Algèbre, Analyse",Dr. Lefèvre
Biologie,"Génétique, Écologie",Dr. Martin
Informatique,"Programmation, Bases de données",Dr. Bernard
Physique,"Mécanique, Électricité",Dr. Dupont
Chimie,"Chimie organique, Réactions",Dr. Moreau
Mathématiques,"Algèbre, Analyse",Dr. Lefèvre
Biologie,"Génétique, Écologie",Dr. Martin
Informatique,"Programmation, Bases de données",Dr. Bernard
Physique,"Mécanique, Électricité",Dr. Dupont
Chimie,"Chimie organique, Réactions",Dr. Moreau
Mathématiques,"Algèbre, Analyse",Dr. Lefèvre
Biologie,"Génétique, Écologie",Dr. Martin
Informatique,"Programmation, Bases de données",Dr. Bernard
Physique,"Mécanique, Électricité",Dr. Dupont
Chimie,"Chimie organique, Réactions",Dr. Moreau
Mathématiques,"Algèbre, Analyse",Dr. Lefèvre
Biologie,"Génétique, Écologie",Dr. Martin
Informatique,"Programmation, Bases de données",Dr. Bernard
Physique,"Mécanique, Électricité",Dr. Dupont
Chimie,"Chimie organique, Réactions",Dr. Moreau
Mathématiques,"Algèbre, Analyse",Dr. Lefèvre
Biologie,"Génétique, Écologie",Dr. Martin
Informatique,"Programmation, Bases de données",Dr. Bernard
Physique,"Mécanique, Électricité",Dr. Dupont
Chimie,"Chimie organique, Réactions",Dr. Moreau
Mathématiques,"Algèbre, Analyse",Dr. Lefèvre
Biologie,"Génétique, Écologie",Dr. Martin
Informatique,"Programmation, Bases de données",Dr. Bernard
Physique,"Mécanique, Électricité",Dr. Dupont
Chimie,"Chimie organique, Réactions",Dr. Moreau
Mathématiques,"Algèbre, Analyse",Dr. Lefèvre
Biologie,"Génétique, Écologie",Dr. Martin
Informatique,"Programmation, Bases de données",Dr. Bernard
Physique,"Mécanique, Électricité",Dr. Dupont
Chimie,"Chimie organique, Réactions",Dr. Moreau
Mathématiques,"Algèbre, Analyse",Dr. Lefèvre
Biologie,"Génétique, Écologie",Dr. Martin
Informatique,"Programmation, Bases de données",Dr. Bernard
Physique,"Mécanique, Électricité",Dr. Dupont
Chimie,"Chimie organique, Réactions",Dr. Moreau
Mathématiques,"Algèbre, Analyse",Dr. Lefèvre
Biologie,"Génétique, Écologie",Dr. Martin
Informatique,"Programmation, Bases de données",Dr. Bernard
Physique,"Mécanique, Électricité",Dr. Dupont
Chimie,"Chimie organique, Réactions",Dr. Moreau
Mathématiques,"Algèbre, Analyse",Dr. Lefèvre
Biologie,"Génétique, Écologie",Dr. Martin
Informatique,"Programmation, Bases de données",Dr. Bernard
Physique,"Mécanique, Électricité",Dr. Dupont
Chimie,"Chimie organique, Réactions",Dr. Moreau
Mathématiques,"Algèbre, Analyse",Dr. Lefèvre
Biologie,"Génétique, Écologie",Dr. Martin
Informatique,"Programmation, Bases de données",Dr. Bernard
Physique,"Mécanique, Électricité",Dr. Dupont
Chimie,"Chimie organique, Réactions",Dr. Moreau
Mathématiques,"Algèbre, Analyse",Dr. Lefèvre
Biologie,"Génétique, Écologie",Dr. Martin
Informatique,"Programmation, Bases de données",Dr. Bernard
Physique,"Mécanique, Électricité",Dr. Dupont
Chimie,"Chimie organique, Réactions",Dr. Moreau
Mathématiques,"Algèbre, Analyse",Dr. Lefèvre
Biologie,"Génétique, Écologie",Dr. Martin
Informatique,"Programmation, Bases de données",Dr. Bernard
Physique,"Mécanique, Électricité",Dr. Dupont
Chimie,"Chimie organique, Réactions",Dr. Moreau
Mathématiques,"Algèbre, Analyse",Dr. Lefèvre
Biologie,"Génétique, Écologie",Dr. Martin
Informatique,"Programmation, Bases de données",Dr. Bernard
Physique,"Mécanique, Électricité",Dr. Dupont
Chimie,"Chimie organique, Réactions",Dr. Moreau
Mathématiques,"Algèbre, Analyse",Dr. Lefèvre
Biologie,"Génétique, Écologie",Dr. Martin
Informatique,"Programmation, Bases de données",Dr. Bernard
Physique,"Mécanique, Électricité",Dr. Dupont
Chimie,"Chimie organique, Réactions",Dr. Moreau
Mathématiques,"Algèbre, Analyse",Dr. Lefèvre
Biologie,"Génétique, Écologie",Dr. Martin
Informatique,"Programmation, Bases de données",Dr. Bernard
Physique,"Mécanique, Électricité",Dr. Dupont
Chimie,"Chimie organique, Réactions",Dr. Moreau
Mathématiques,"Algèbre, Analyse",Dr. Lefèvre
Biologie,"Génétique, Écologie",Dr. Martin
Informatique,"Programmation, Bases de données",Dr. Bernard
Physique,"Mécanique, Électricité",Dr. Dupont
Chimie,"Chimie organique, Réactions",Dr. Moreau
Mathématiques,"Algèbre, Analyse",Dr. Lefèvre
Biologie,"Génétique, Écologie",Dr. Martin
Informatique,"Programmation, Bases de données",Dr. Bernard
Physique,"Mécanique, Électricité",Dr. Dupont
Chimie,"Chimie organique, Réactions",Dr. Moreau
Mathématiques,"Algèbre, Analyse",Dr. Lefèvre
Biologie,"Génétique, Écologie",Dr. Martin
Informatique,"Programmation, Bases de données",Dr. Bernard
Physique,"Mécanique, Électricité",Dr. Dupont
Chimie,"Chimie organique, Réactions",Dr. Moreau
Mathématiques,"Algèbre, Analyse",Dr. Lefèvre
Biologie,"Génétique, Écologie",Dr. Martin
Informatique,"Programmation, Bases de données",Dr. Bernard
Physique,"Mécanique, Électricité",Dr. Dupont
Chimie,"Chimie organique, Réactions",Dr. Moreau
Mathématiques,"Algèbre, Analyse",Dr. Lefèvre
Biologie,"Génétique, Écologie",Dr. Martin
Informatique,"Programmation, Bases de données",Dr. Bernard
Physique,"Mécanique, Électricité",Dr. Dupont
Chimie,"Chimie organique, Réactions",Dr. Moreau
Mathématiques,"Algèbre, Analyse",Dr. Lefèvre
Biologie,"Génétique, Écologie",Dr. Martin
Informatique,"Programmation, Bases de données",Dr. Bernard
Physique,"Mécanique, Électricité",Dr. Dupont
Chimie,"Chimie organique, Réactions",Dr. Moreau
Mathématiques,"Algèbre, Analyse",Dr. Lefèvre
Biologie,"Génétique, Écologie",Dr. Martin
Informatique,"Programmation, Bases de données",Dr. Bernard
Physique,"Mécanique, Électricité",Dr. Dupont
Chimie,"Chimie organique, Réactions",Dr. Moreau
Mathématiques,"Algèbre, Analyse",Dr. Lefèvre
Biologie,"Génétique, Écologie",Dr. Martin
Informatique,"Programmation, Bases de données",Dr. Bernard
Physique,"Mécanique, Électricité",Dr. Dupont
Chimie,"Chimie organique, Réactions",Dr. Moreau
Mathématiques,"Algèbre, Analyse",Dr. Lefèvre
Biologie,"Génétique, Écologie",Dr. Martin
Informatique,"Programmation, Bases de données",Dr. Bernard
Physique,"Mécanique, Électricité",Dr. Dupont
Chimie,"Chimie organique, Réactions",Dr. Moreau
Mathématiques,"Algèbre, Analyse",Dr. Lefèvre
Biologie,"Génétique, Écologie",Dr. Martin
Informatique,"Programmation, Bases de données",Dr. Bernard
Physique,"Mécanique, Électricité",Dr. Dupont
Chimie,"Chimie organique, Réactions",Dr. Moreau
Mathématiques,"Algèbre, Analyse",Dr. Lefèvre
Biologie,"Génétique, Écologie",Dr. Martin
Informatique,"Programmation, Bases de données",Dr. Bernard
Physique,"Mécanique, Électricité",Dr. Dupont
Chimie,"Chimie organique, Réactions",Dr. Moreau
Mathématiques,"Algèbre, Analyse",Dr. Lefèvre
Biologie,"Génétique, Écologie",Dr. Martin
Informatique,"Programmation, Bases de données",Dr. Bernard
Physique,"Mécanique, Électricité",Dr. Dupont
Chimie,"Chimie organique, Réactions",Dr. Moreau
Mathématiques,"Algèbre, Analyse",Dr. Lefèvre
Biologie,"Génétique, Écologie",Dr. Martin
Informatique,"Programmation, Bases de données",Dr. Bernard
Physique,"Mécanique, Électricité",Dr. Dupont
Chimie,"Chimie organique, Réactions",Dr. Moreau
Mathématiques,"Algèbre, Analyse",Dr. Lefèvre
Biologie,"Génétique, Écologie",Dr. Martin
Informatique,"Programmation, Bases de données",Dr. Bernard
Physique,"Mécanique, Électricité",Dr. Dupont
Chimie,"Chimie organique, Réactions",Dr. Moreau
Mathématiques,"Algèbre, Analyse",Dr. Lefèvre
Biologie,"Génétique, Écologie",Dr. Martin
Informatique,"Programmation, Bases de données",Dr. Bernard
Physique,"Mécanique, Électricité",Dr. Dupont
Chimie,"Chimie organique, Réactions",Dr. Moreau
Mathématiques,"Algèbre, Analyse",Dr. Lefèvre
Biologie,"Génétique, Écologie",Dr. Martin
Informatique,"Programmation, Bases de données",Dr. Bernard
Physique,"Mécanique, Électricité",Dr. Dupont
Chimie,"Chimie organique, Réactions",Dr. Moreau
Mathématiques,"Algèbre, Analyse",Dr. Lefèvre
Biologie,"Génétique, Écologie",Dr. Martin
Informatique,"Programmation, Bases de données",Dr. Bernard
Physique,"Mécanique, Électricité",Dr. Dupont
Chimie,"Chimie organique, Réactions",Dr. Moreau
Mathématiques,"Algèbre, Analyse",Dr. Lefèvre
Biologie,"Génétique, Écologie",Dr. Martin
Informatique,"Programmation, Bases de données",Dr. Bernard
Physique,"Mécanique, Électricité",Dr. Dupont
Chimie,"Chimie organique, Réactions",Dr. Moreau
Mathématiques,"Algèbre, Analyse",Dr. Lefèvre
Biologie,"Génétique, Écologie",Dr. Martin
Informatique,"Programmation, Bases de données",Dr. Bernard
Physique,"Mécanique, Électricité",Dr. Dupont
Chimie,"Chimie organique, Réactions",Dr. Moreau
Mathématiques,"Algèbre, Analyse",Dr. Lefèvre
Biologie,"Génétique, Écologie",Dr. Martin
Informatique,"Programmation, Bases de données",Dr. Bernard
Physique,"Mécanique, Électricité",Dr. Dupont
Chimie,"Chimie organique, Réactions",Dr. Moreau
Mathématiques,"Algèbre, Analyse",Dr. Lefèvre
Biologie,"Génétique, Écologie",Dr. Martin
Informatique,"Programmation, Bases de données",Dr. Bernard
Physique,"Mécanique, Électricité",Dr. Dupont
Chimie,"Chimie organique, Réactions",Dr. Moreau
Mathématiques,"Algèbre, Analyse",Dr. Lefèvre
Biologie,"Génétique, Écologie",Dr. Martin
Informatique,"Programmation, Bases de données",Dr. Bernard
Physique,"Mécanique, Électricité",Dr. Dupont
Chimie,"Chimie organique, Réactions",Dr. Moreau
Mathématiques,"Algèbre, Analyse",Dr. Lefèvre
Biologie,"Génétique, Écologie",Dr. Martin
Informatique,"Programmation, Bases de données",Dr. Bernard
Physique,"Mécanique, Électricité",Dr. Dupont
Chimie,"Chimie organique, Réactions",Dr. Moreau
Mathématiques,"Algèbre, Analyse",Dr. Lefèvre
Biologie,"Génétique, Écologie",Dr. Martin
Informatique,"Programmation, Bases de données",Dr. Bernard
Physique,"Mécanique, Électricité",Dr. Dupont
Chimie,"Chimie organique, Réactions",Dr. Moreau
Mathématiques,"Algèbre, Analyse",Dr. Lefèvre
Biologie,"Génétique, Écologie",Dr. Martin
Informatique,"Programmation, Bases de données",Dr. Bernard
Physique,"Mécanique, Électricité",Dr. Dupont
Chimie,"Chimie organique, Réactions",Dr. Moreau
Mathématiques,"Algèbre, Analyse",Dr. Lefèvre
Biologie,"Génétique, Écologie",Dr. Martin
Informatique,"Programmation, Bases de données",Dr. Bernard
Physique,"Mécanique, Électricité",Dr. Dupont
Chimie,"Chimie organique, Réactions",Dr. Moreau
Mathématiques,"Algèbre, Analyse",Dr. Lefèvre
Biologie,"Génétique, Écologie",Dr. Martin
Informatique,"Programmation, Bases de données",Dr. Bernard
Physique,"Mécanique, Électricité",Dr. Dupont
Chimie,"Chimie organique, Réactions",Dr. Moreau
Mathématiques,"Algèbre, Analyse",Dr. Lefèvre
Biologie,"Génétique, Écologie",Dr. Martin
Informatique,"Programmation, Bases de données",Dr. Bernard
Physique,"Mécanique, Électricité",Dr. Dupont
Chimie,"Chimie organique, Réactions",Dr. Moreau
Mathématiques,"Algèbre, Analyse",Dr. Lefèvre
Biologie,"Génétique, Écologie",Dr. Martin
Informatique,"Programmation, Bases de données",Dr. Bernard
Physique,"Mécanique, Électricité",Dr. Dupont
Chimie,"Chimie organique, Réactions",Dr. Moreau
Mathématiques,"Algèbre, Analyse",Dr. Lefèvre
Biologie,"Génétique, Écologie",Dr. Martin
Informatique,"Programmation, Bases de données",Dr. Bernard
Physique,"Mécanique, Électricité",Dr. Dupont
Chimie,"Chimie organique, Réactions",Dr. Moreau
Mathématiques,"Algèbre, Analyse",Dr. Lefèvre
Biologie,"Génétique, Écologie",Dr. Martin
Informatique,"Programmation, Bases de données",Dr. Bernard
Physique,"Mécanique, Électricité",Dr. Dupont
Chimie,"Chimie organique, Réactions",Dr. Moreau
Mathématiques,"Algèbre, Analyse",Dr. Lefèvre
Biologie,"Génétique, Écologie",Dr. Martin
Informatique,"Programmation, Bases de données",Dr. Bernard
Physique,"Mécanique, Électricité",Dr. Dupont
Chimie,"Chimie organique, Réactions",Dr. Moreau
Mathématiques,"Algèbre, Analyse",Dr. Lefèvre
Biologie,"Génétique, Écologie",Dr. Martin
Informatique,"Programmation, Bases de données",Dr. Bernard
Physique,"Mécanique, Électricité",Dr. Dupont
Chimie,"Chimie organique, Réactions",Dr. Moreau
Mathématiques,"Algèbre, Analyse",Dr. Lefèvre
Biologie,"Génétique, Écologie",Dr. Martin
Informatique,"Programmation, Bases de données",Dr. Bernard
Physique,"Mécanique, Électricité",Dr. Dupont
Chimie,"Chimie organique, Réactions",Dr. Moreau
Mathématiques,"Algèbre, Analyse",Dr. Lefèvre
Biologie,"Génétique, Écologie",Dr. Martin
Informatique,"Programmation, Bases de données",Dr. Bernard
Physique,"Mécanique, Électricité",Dr. Dupont
Chimie,"Chimie organique, Réactions",Dr. Moreau
Mathématiques,"Algèbre, Analyse",Dr. Lefèvre
Biologie,"Génétique, Écologie",Dr. Martin
Informatique,"Programmation, Bases de données",Dr. Bernard
Physique,"Mécanique, Électricité",Dr. Dupont
Chimie,"Chimie organique, Réactions",Dr. Moreau
Mathématiques,"Algèbre, Analyse",Dr. Lefèvre
Biologie,"Génétique, Écologie",Dr. Martin
Informatique,"Programmation, Bases de données",Dr. Bernard
Physique,"Mécanique, Électricité",Dr. Dupont
Chimie,"Chimie organique, Réactions",Dr. Moreau
Mathématiques,"Algèbre, Analyse",Dr. Lefèvre
Biologie,"Génétique, Écologie",Dr. Martin
Informatique,"Programmation, Bases de données",Dr. Bernard
Physique,"Mécanique, Électricité",Dr. Dupont
Chimie,"Chimie organique, Réactions",Dr. Moreau
Mathématiques,"Algèbre, Analyse",Dr. Lefèvre
Biologie,"Génétique, Écologie",Dr. Martin
Informatique,"Programmation, Bases de données",Dr. Bernard
Physique,"Mécanique, Électricité",Dr. Dupont
Chimie,"Chimie organique, Réactions",Dr. Moreau
Mathématiques,"Algèbre, Analyse",Dr. Lefèvre
Biologie,"Génétique, Écologie",Dr. Martin
Informatique,"Programmation, Bases de données",Dr. Bernard
Physique,"Mécanique, Électricité",Dr. Dupont
Chimie,"Chimie organique, Réactions",Dr. Moreau
Mathématiques,"Algèbre, Analyse",Dr. Lefèvre
Biologie,"Génétique, Écologie",Dr. Martin
Informatique,"Programmation, Bases de données",Dr. Bernard
Physique,"Mécanique, Électricité",Dr. Dupont
Chimie,"Chimie organique, Réactions",Dr. Moreau
Mathématiques,"Algèbre, Analyse",Dr. Lefèvre
Biologie,"Génétique, Écologie",Dr. Martin
Informatique,"Programmation, Bases de données",Dr. Bernard
Physique,"Mécanique, Électricité",Dr. Dupont
Chimie,"Chimie organique, Réactions",Dr. Moreau
Mathématiques,"Algèbre, Analyse",Dr. Lefèvre
Biologie,"Génétique, Écologie",Dr. Martin
Informatique,"Programmation, Bases de données",Dr. Bernard
Physique,"Mécanique, Électricité",Dr. Dupont
Chimie,"Chimie organique, Réactions",Dr. Moreau
Mathématiques,"Algèbre, Analyse",Dr. Lefèvre
Biologie,"Génétique, Écologie",Dr. Martin
Informatique,"Programmation, Bases de données",Dr. Bernard
Physique,"Mécanique, Électricité",Dr. Dupont
Chimie,"Chimie organique, Réactions",Dr. Moreau
Mathématiques,"Algèbre, Analyse",Dr. Lefèvre
Biologie,"Génétique, Écologie",Dr. Martin
Informatique,"Programmation, Bases de données",Dr. Bernard
Physique,"Mécanique, Électricité",Dr. Dupont
Chimie,"Chimie organique, Réactions",Dr. Moreau
Mathématiques,"Algèbre, Analyse",Dr. Lefèvre
Biologie,"Génétique, Écologie",Dr. Martin
Informatique,"Programmation, Bases de données",Dr. Bernard
Physique,"Mécanique, Électricité",Dr. Dupont
Chimie,"Chimie organique, Réactions",Dr. Moreau
Mathématiques,"Algèbre, Analyse",Dr. Lefèvre
Biologie,"Génétique, Écologie",Dr. Martin
Informatique,"Programmation, Bases de données",Dr. Bernard
Physique,"Mécanique, Électricité",Dr. Dupont
Chimie,"Chimie organique, Réactions",Dr. Moreau
Mathématiques,"Algèbre, Analyse",Dr. Lefèvre
Biologie,"Génétique, Écologie",Dr. Martin
Informatique,"Programmation, Bases de données",Dr. Bernard
Physique,"Mécanique, Électricité",Dr. Dupont
Chimie,"Chimie organique, Réactions",Dr. Moreau
Mathématiques,"Algèbre, Analyse",Dr. Lefèvre
Biologie,"Génétique, Écologie",Dr. Martin
Informatique,"Programmation, Bases de données",Dr. Bernard
Physique,"Mécanique, Électricité",Dr. Dupont
Chimie,"Chimie organique, Réactions",Dr. Moreau
Mathématiques,"Algèbre, Analyse",Dr. Lefèvre
Biologie,"Génétique, Écologie",Dr. Martin
Informatique,"Programmation, Bases de données",Dr. Bernard
Physique,"Mécanique, Électricité",Dr. Dupont
Chimie,"Chimie organique, Réactions",Dr. Moreau
Mathématiques,"Algèbre, Analyse",Dr. Lefèvre
Biologie,"Génétique, Écologie",Dr. Martin
Informatique,"Programmation, Bases de données",Dr. Bernard
Physique,"Mécanique, Électricité",Dr. Dupont
Chimie,"Chimie organique, Réactions",Dr. Moreau
Mathématiques,"Algèbre, Analyse",Dr. Lefèvre
Biologie,"Génétique, Écologie",Dr. Martin
Informatique,"Programmation, Bases de données",Dr. Bernard
Physique,"Mécanique, Électricité",Dr. Dupont
Chimie,"Chimie organique, Réactions",Dr. Moreau
Mathématiques,"Algèbre, Analyse",Dr. Lefèvre
Biologie,"Génétique, Écologie",Dr. Martin
Informatique,"Programmation, Bases de données",Dr. Bernard
Physique,"Mécanique, Électricité",Dr. Dupont
Chimie,"Chimie organique, Réactions",Dr. Moreau
Mathématiques,"Algèbre, Analyse",Dr. Lefèvre
Biologie,"Génétique, Écologie",Dr. Martin
Informatique,"Programmation, Bases de données",Dr. Bernard
Physique,"Mécanique, Électricité",Dr. Dupont
Chimie,"Chimie organique, Réactions",Dr. Moreau
Mathématiques,"Algèbre, Analyse",Dr. Lefèvre
Biologie,"Génétique, Écologie",Dr. Martin
Informatique,"Programmation, Bases de données",Dr. Bernard
Physique,"Mécanique, Électricité",Dr. Dupont
Chimie,"Chimie organique, Réactions",Dr. Moreau
Mathématiques,"Algèbre, Analyse",Dr. Lefèvre
Biologie,"Génétique, Écologie",Dr. Martin
Informatique,"Programmation, Bases de données",Dr. Bernard
Physique,"Mécanique, Électricité",Dr. Dupont
Chimie,"Chimie organique, Réactions",Dr. Moreau
Mathématiques,"Algèbre, Analyse",Dr. Lefèvre
Biologie,"Génétique, Écologie",Dr. Martin
Informatique,"Programmation, Bases de données",Dr. Bernard
Physique,"Mécanique, Électricité",Dr. Dupont
Chimie,"Chimie organique, Réactions",Dr. Moreau
Mathématiques,"Algèbre, Analyse",Dr. Lefèvre
Biologie,"Génétique, Écologie",Dr. Martin
Informatique,"Programmation, Bases de données",Dr. Bernard
Physique,"Mécanique, Électricité",Dr. Dupont
Chimie,"Chimie organique, Réactions",Dr. Moreau
Mathématiques,"Algèbre, Analyse",Dr. Lefèvre
Biologie,"Génétique, Écologie",Dr. Martin
Informatique,"Programmation, Bases de données",Dr. Bernard
Physique,"Mécanique, Électricité",Dr. Dupont
Chimie,"Chimie organique, Réactions",Dr. Moreau
Mathématiques,"Algèbre, Analyse",Dr. Lefèvre
Biologie,"Génétique, Écologie",Dr. Martin
Informatique,"Programmation, Bases de données",Dr. Bernard
Physique,"Mécanique, Électricité",Dr. Dupont
Chimie,"Chimie organique, Réactions",Dr. Moreau
Mathématiques,"Algèbre, Analyse",Dr. Lefèvre
Biologie,"Génétique, Écologie",Dr. Martin
Informatique,"Programmation, Bases de données",Dr. Bernard
Physique,"Mécanique, Électricité",Dr. Dupont
Chimie,"Chimie organique, Réactions",Dr. Moreau
Mathématiques,"Algèbre, Analyse",Dr. Lefèvre
Biologie,"Génétique, Écologie",Dr. Martin
Informatique,"Programmation, Bases de données",Dr. Bernard
Physique,"Mécanique, Électricité",Dr. Dupont
Chimie,"Chimie organique, Réactions",Dr. Moreau
Mathématiques,"Algèbre, Analyse",Dr. Lefèvre
Biologie,"Génétique, Écologie",Dr. Martin
Informatique,"Programmation, Bases de données",Dr. Bernard
Physique,"Mécanique, Électricité",Dr. Dupont
Chimie,"Chimie organique, Réactions",Dr. Moreau
Mathématiques,"Algèbre, Analyse",Dr. Lefèvre
Biologie,"Génétique, Écologie",Dr. Martin
Informatique,"Programmation, Bases de données",Dr. Bernard
Physique,"Mécanique, Électricité",Dr. Dupont
Chimie,"Chimie organique, Réactions",Dr. Moreau
Mathématiques,"Algèbre, Analyse",Dr. Lefèvre
Biologie,"Génétique, Écologie",Dr. Martin
Informatique,"Programmation, Bases de données",Dr. Bernard
Physique,"Mécanique, Électricité",Dr. Dupont
Chimie,"Chimie organique, Réactions",Dr. Moreau
Mathématiques,"Algèbre, Analyse",Dr. Lefèvre
Biologie,"Génétique, Écologie",Dr. Martin
Informatique,"Programmation, Bases de données",Dr. Bernard
Physique,"Mécanique, Électricité",Dr. Dupont
Chimie,"Chimie organique, Réactions",Dr. Moreau
Mathématiques,"Algèbre, Analyse",Dr. Lefèvre
Biologie,"Génétique, Écologie",Dr. Martin
Informatique,"Programmation, Bases de données",Dr. Bernard
Physique,"Mécanique, Électricité",Dr. Dupont
Chimie,"Chimie organique, Réactions",Dr. Moreau
Mathématiques,"Algèbre, Analyse",Dr. Lefèvre
Biologie,"Génétique, Écologie",Dr. Martin
Informatique,"Programmation, Bases de données",Dr. Bernard
Physique,"Mécanique, Électricité",Dr. Dupont
Chimie,"Chimie organique, Réactions",Dr. Moreau
Mathématiques,"Algèbre, Analyse",Dr. Lefèvre
Biologie,"Génétique, Écologie",Dr. Martin
Informatique,"Programmation, Bases de données",Dr. Bernard
Physique,"Mécanique, Électricité",Dr. Dupont
Chimie,"Chimie organique, Réactions",Dr. Moreau
Mathématiques,"Algèbre, Analyse",Dr. Lefèvre
Biologie,"Génétique, Écologie",Dr. Martin
Informatique,"Programmation, Bases de données",Dr. Bernard
Physique,"Mécanique, Électricité",Dr. Dupont
Chimie,"Chimie organique, Réactions",Dr. Moreau
Mathématiques,"Algèbre, Analyse",Dr. Lefèvre
Biologie,"Génétique, Écologie",Dr. Martin
Informatique,"Programmation, Bases de données",Dr. Bernard
Physique,"Mécanique, Électricité",Dr. Dupont
Chimie,"Chimie organique, Réactions",Dr. Moreau
Mathématiques,"Algèbre, Analyse",Dr. Lefèvre
Biologie,"Génétique, Écologie",Dr. Martin
Informatique,"Programmation, Bases de données",Dr. Bernard
Physique,"Mécanique, Électricité",Dr. Dupont
Chimie,"Chimie organique, Réactions",Dr. Moreau
Mathématiques,"Algèbre, Analyse",Dr. Lefèvre
Biologie,"Génétique, Écologie",Dr. Martin
Informatique,"Programmation, Bases de données",Dr. Bernard
Physique,"Mécanique, Électricité",Dr. Dupont
Chimie,"Chimie organique, Réactions",Dr. Moreau
Mathématiques,"Algèbre, Analyse",Dr. Lefèvre
Biologie,"Génétique, Écologie",Dr. Martin
Informatique,"Programmation, Bases de données",Dr. Bernard
Physique,"Mécanique, Électricité",Dr. Dupont
Chimie,"Chimie organique, Réactions",Dr. Moreau
Mathématiques,"Algèbre, Analyse",Dr. Lefèvre
Biologie,"Génétique, Écologie",Dr. Martin
Informatique,"Programmation, Bases de données",Dr. Bernard
Physique,"Mécanique, Électricité",Dr. Dupont
Chimie,"Chimie organique, Réactions",Dr. Moreau
Mathématiques,"Algèbre, Analyse",Dr. Lefèvre
Biologie,"Génétique, Écologie",Dr. Martin
Informatique,"Programmation, Bases de données",Dr. Bernard
Physique,"Mécanique, Électricité",Dr. Dupont
Chimie,"Chimie organique, Réactions",Dr. Moreau
Mathématiques,"Algèbre, Analyse",Dr. Lefèvre
Biologie,"Génétique, Écologie",Dr. Martin
Informatique,"Programmation, Bases de données",Dr. Bernard
Physique,"Mécanique, Électricité",Dr. Dupont
Chimie,"Chimie organique, Réactions",Dr. Moreau
Mathématiques,"Algèbre, Analyse",Dr. Lefèvre
Biologie,"Génétique, Écologie",Dr. Martin
Informatique,"Programmation, Bases de données",Dr. Bernard
Physique,"Mécanique, Électricité",Dr. Dupont
Chimie,"Chimie organique, Réactions",Dr. Moreau
Mathématiques,"Algèbre, Analyse",Dr. Lefèvre
Biologie,"Génétique, Écologie",Dr. Martin
Informatique,"Programmation, Bases de données",Dr. Bernard
Physique,"Mécanique, Électricité",Dr. Dupont
Chimie,"Chimie organique, Réactions",Dr. Moreau
Mathématiques,"Algèbre, Analyse",Dr. Lefèvre
Biologie,"Génétique, Écologie",Dr. Martin
Informatique,"Programmation, Bases de données",Dr. Bernard
Physique,"Mécanique, Électricité",Dr. Dupont
Chimie,"Chimie organique, Réactions",Dr. Moreau
Mathématiques,"Algèbre, Analyse",Dr. Lefèvre
Biologie,"Génétique, Écologie",Dr. Martin
Informatique,"Programmation, Bases de données",Dr. Bernard
Physique,"Mécanique, Électricité",Dr. Dupont
Chimie,"Chimie organique, Réactions",Dr. Moreau
Mathématiques,"Algèbre, Analyse",Dr. Lefèvre
Biologie,"Génétique, Écologie",Dr. Martin
Informatique,"Programmation, Bases de données",Dr. Bernard
Physique,"Mécanique, Électricité",Dr. Dupont
Chimie,"Chimie organique, Réactions",Dr. Moreau
Mathématiques,"Algèbre, Analyse",Dr. Lefèvre
Biologie,"Génétique, Écologie",Dr. Martin
Informatique,"Programmation, Bases de données",Dr. Bernard
Physique,"Mécanique, Électricité",Dr. Dupont
Chimie,"Chimie organique, Réactions",Dr. Moreau
Mathématiques,"Algèbre, Analyse",Dr. Lefèvre
Biologie,"Génétique, Écologie",Dr. Martin
Informatique,"Programmation, Bases de données",Dr. Bernard
Physique,"Mécanique, Électricité",Dr. Dupont
Chimie,"Chimie organique, Réactions",Dr. Moreau
Mathématiques,"Algèbre, Analyse",Dr. Lefèvre
Biologie,"Génétique, Écologie",Dr. Martin
Informatique,"Programmation, Bases de données",Dr. Bernard
Physique,"Mécanique, Électricité",Dr. Dupont
Chimie,"Chimie organique, Réactions",Dr. Moreau
Mathématiques,"Algèbre, Analyse",Dr. Lefèvre
Biologie,"Génétique, Écologie",Dr. Martin
Informatique,"Programmation, Bases de données",Dr. Bernard
Physique,"Mécanique, Électricité",Dr. Dupont
Chimie,"Chimie organique, Réactions",Dr. Moreau
Mathématiques,"Algèbre, Analyse",Dr. Lefèvre
Biologie,"Génétique, Écologie",Dr. Martin
Informatique,"Programmation, Bases de données",Dr. Bernard
Physique,"Mécanique, Électricité",Dr. Dupont
Chimie,"Chimie organique, Réactions",Dr. Moreau
Mathématiques,"Algèbre, Analyse",Dr. Lefèvre
Biologie,"Génétique, Écologie",Dr. Martin
Informatique,"Programmation, Bases de données",Dr. Bernard
Physique,"Mécanique, Électricité",Dr. Dupont
Chimie,"Chimie organique, Réactions",Dr. Moreau
Mathématiques,"Algèbre, Analyse",Dr. Lefèvre
Biologie,"Génétique, Écologie",Dr. Martin
Informatique,"Programmation, Bases de données",Dr. Bernard
Physique,"Mécanique, Électricité",Dr. Dupont
Chimie,"Chimie organique, Réactions",Dr. Moreau
Mathématiques,"Algèbre, Analyse",Dr. Lefèvre
Biologie,"Génétique, Écologie",Dr. Martin
Informatique,"Programmation, Bases de données",Dr. Bernard
Physique,"Mécanique, Électricité",Dr. Dupont
Chimie,"Chimie organique, Réactions",Dr. Moreau
Mathématiques,"Algèbre, Analyse",Dr. Lefèvre
Biologie,"Génétique, Écologie",Dr. Martin
Informatique,"Programmation, Bases de données",Dr. Bernard
Physique,"Mécanique, Électricité",Dr. Dupont
Chimie,"Chimie organique, Réactions",Dr. Moreau
Mathématiques,"Algèbre, Analyse",Dr. Lefèvre
Biologie,"Génétique, Écologie",Dr. Martin
Informatique,"Programmation, Bases de données",Dr. Bernard
Physique,"Mécanique, Électricité",Dr. Dupont
Chimie,"Chimie organique, Réactions",Dr. Moreau
Mathématiques,"Algèbre, Analyse",Dr. Lefèvre
Biologie,"Génétique, Écologie",Dr. Martin
Informatique,"Programmation, Bases de données",Dr. Bernard
Physique,"Mécanique, Électricité",Dr. Dupont
Chimie,"Chimie organique, Réactions",Dr. Moreau
Mathématiques,"Algèbre, Analyse",Dr. Lefèvre
Biologie,"Génétique, Écologie",Dr. Martin
Informatique,"Programmation, Bases de données",Dr. Bernard
Physique,"Mécanique, Électricité",Dr. Dupont
Chimie,"Chimie organique, Réactions",Dr. Moreau
Mathématiques,"Algèbre, Analyse",Dr. Lefèvre
Biologie,"Génétique, Écologie",Dr. Martin
Informatique,"Programmation, Bases de données",Dr. Bernard
Physique,"Mécanique, Électricité",Dr. Dupont
Chimie,"Chimie organique, Réactions",Dr. Moreau
Mathématiques,"Algèbre, Analyse",Dr. Lefèvre
Biologie,"Génétique, Écologie",Dr. Martin
Informatique,"Programmation, Bases de données",Dr. Bernard
Physique,"Mécanique, Électricité",Dr. Dupont
Chimie,"Chimie organique, Réactions",Dr. Moreau
Mathématiques,"Algèbre, Analyse",Dr. Lefèvre
Biologie,"Génétique, Écologie",Dr. Martin
Informatique,"Programmation, Bases de données",Dr. Bernard
Physique,"Mécanique, Électricité",Dr. Dupont
Chimie,"Chimie organique, Réactions",Dr. Moreau
Mathématiques,"Algèbre, Analyse",Dr. Lefèvre
Biologie,"Génétique, Écologie",Dr. Martin
Informatique,"Programmation, Bases de données",Dr. Bernard
Physique,"Mécanique, Électricité",Dr. Dupont
Chimie,"Chimie organique, Réactions",Dr. Moreau
Mathématiques,"Algèbre, Analyse",Dr. Lefèvre
Biologie,"Génétique, Écologie",Dr. Martin
Informatique,"Programmation, Bases de données",Dr. Bernard
Physique,"Mécanique, Électricité",Dr. Dupont
Chimie,"Chimie organique, Réactions",Dr. Moreau
Mathématiques,"Algèbre, Analyse",Dr. Lefèvre
Biologie,"Génétique, Écologie",Dr. Martin
Informatique,"Programmation, Bases de données",Dr. Bernard
Physique,"Mécanique, Électricité",Dr. Dupont
Chimie,"Chimie organique, Réactions",Dr. Moreau
Mathématiques,"Algèbre, Analyse",Dr. Lefèvre
Biologie,"Génétique, Écologie",Dr. Martin
Informatique,"Programmation, Bases de données",Dr. Bernard
Physique,"Mécanique, Électricité",Dr. Dupont
Chimie,"Chimie organique, Réactions",Dr. Moreau
Mathématiques,"Algèbre, Analyse",Dr. Lefèvre
Biologie,"Génétique, Écologie",Dr. Martin
Informatique,"Programmation, Bases de données",Dr. Bernard
Physique,"Mécanique, Électricité",Dr. Dupont
Chimie,"Chimie organique, Réactions",Dr. Moreau
Mathématiques,"Algèbre, Analyse",Dr. Lefèvre
Biologie,"Génétique, Écologie",Dr. Martin
Informatique,"Programmation, Bases de données",Dr. Bernard
Physique,"Mécanique, Électricité",Dr. Dupont
Chimie,"Chimie organique, Réactions",Dr. Moreau
Mathématiques,"Algèbre, Analyse",Dr. Lefèvre
Biologie,"Génétique, Écologie",Dr. Martin
Informatique,"Programmation, Bases de données",Dr. Bernard
Physique,"Mécanique, Électricité",Dr. Dupont
Chimie,"Chimie organique, Réactions",Dr. Moreau
Mathématiques,"Algèbre, Analyse",Dr. Lefèvre
Biologie,"Génétique, Écologie",Dr. Martin
Informatique,"Programmation, Bases de données",Dr. Bernard
Physique,"Mécanique, Électricité",Dr. Dupont
Chimie,"Chimie organique, Réactions",Dr. Moreau
Mathématiques,"Algèbre, Analyse",Dr. Lefèvre
Biologie,"Génétique, Écologie",Dr. Martin
Informatique,"Programmation, Bases de données",Dr. Bernard
Physique,"Mécanique, Électricité",Dr. Dupont
Chimie,"Chimie organique, Réactions",Dr. Moreau
Mathématiques,"Algèbre, Analyse",Dr. Lefèvre
Biologie,"Génétique, Écologie",Dr. Martin
Informatique,"Programmation, Bases de données",Dr. Bernard
