Nom,ID Étudiant,Cours,Note
Étudiant 1,ID0001,Informatique,12
Étudiant 2,ID0002,Chimie,13
Étudiant 3,ID0003,Biologie,7
Étudiant 4,ID0004,Mathématiques,9
Étudiant 5,ID0005,Mathématiques,14
Étudiant 6,ID0006,Informatique,9
Étudiant 7,ID0007,Biologie,8
Étudiant 8,ID0008,Informatique,18
Étudiant 9,ID0009,Physique,8
Étudiant 10,ID0010,Chimie,11
Étudiant 11,ID0011,Biologie,19
Étudiant 12,ID0012,Chimie,18
Étudiant 13,ID0013,Chimie,14
Étudiant 14,ID0014,Informatique,11
Étudiant 15,ID0015,Informatique,20
Étudiant 16,ID0016,Mathématiques,6
Étudiant 17,ID0017,Mathématiques,1
Étudiant 18,ID0018,Informatique,10
Étudiant 19,ID0019,Informatique,1
Étudiant 20,ID0020,Physique,3
Étudiant 21,ID0021,Biologie,3
Étudiant 22,ID0022,Informatique,17
Étudiant 23,ID0023,Chimie,2
Étudiant 24,ID0024,Physique,12
Étudiant 25,ID0025,Biologie,16
Étudiant 26,ID0026,Physique,6
Étudiant 27,ID0027,Informatique,10
Étudiant 28,ID0028,Mathématiques,19
Étudiant 29,ID0029,Physique,2
Étudiant 30,ID0030,Mathématiques,17
Étudiant 31,ID0031,Biologie,8
Étudiant 32,ID0032,Biologie,5
Étudiant 33,ID0033,Informatique,13
Étudiant 34,ID0034,Chimie,6
Étudiant 35,ID0035,Chimie,0
Étudiant 36,ID0036,Physique,9
Étudiant 37,ID0037,Biologie,2
Étudiant 38,ID0038,Physique,13
Étudiant 39,ID0039,Physique,19
Étudiant 40,ID0040,Informatique,17
Étudiant 41,ID0041,Biologie,4
Étudiant 42,ID0042,Biologie,0
Étudiant 43,ID0043,Informatique,19
Étudiant 44,ID0044,Mathématiques,8
Étudiant 45,ID0045,Biologie,17
Étudiant 46,ID0046,Physique,18
Étudiant 47,ID0047,Physique,20
Étudiant 48,ID0048,Biologie,16
Étudiant 49,ID0049,Physique,13
Étudiant 50,ID0050,Informatique,0
Étudiant 51,ID0051,Chimie,7
Étudiant 52,ID0052,Physique,5
Étudiant 53,ID0053,Mathématiques,15
Étudiant 54,ID0054,Chimie,6
Étudiant 55,ID0055,Chimie,16
Étudiant 56,ID0056,Informatique,8
Étudiant 57,ID0057,Chimie,17
Étudiant 58,ID0058,Informatique,2
Étudiant 59,ID0059,Physique,4
Étudiant 60,ID0060,Mathématiques,7
Étudiant 61,ID0061,Informatique,13
Étudiant 62,ID0062,Informatique,19
Étudiant 63,ID0063,Informatique,1
Étudiant 64,ID0064,Mathématiques,1
Étudiant 65,ID0065,Chimie,18
Étudiant 66,ID0066,Informatique,17
Étudiant 67,ID0067,Chimie,4
Étudiant 68,ID0068,Chimie,6
Étudiant 69,ID0069,Informatique,1
Étudiant 70,ID0070,Biologie,3
Étudiant 71,ID0071,Informatique,8
Étudiant 72,ID0072,Informatique,11
Étudiant 73,ID0073,Physique,18
Étudiant 74,ID0074,Physique,8
Étudiant 75,ID0075,Physique,1
Étudiant 76,ID0076,Physique,15
Étudiant 77,ID0077,Mathématiques,20
Étudiant 78,ID0078,Chimie,16
Étudiant 79,ID0079,Physique,19
Étudiant 80,ID0080,Chimie,17
Étudiant 81,ID0081,Biologie,15
Étudiant 82,ID0082,Mathématiques,18
Étudiant 83,ID0083,Informatique,5
Étudiant 84,ID0084,Informatique,14
Étudiant 85,ID0085,Informatique,5
Étudiant 86,ID0086,Informatique,15
Étudiant 87,ID0087,Chimie,13
Étudiant 88,ID0088,Physique,11
Étudiant 89,ID0089,Mathématiques,1
Étudiant 90,ID0090,Chimie,16
Étudiant 91,ID0091,Physique,11
Étudiant 92,ID0092,Chimie,0
Étudiant 93,ID0093,Chimie,0
Étudiant 94,ID0094,Mathématiques,17
Étudiant 95,ID0095,Informatique,7
Étudiant 96,ID0096,Informatique,14
Étudiant 97,ID0097,Physique,3
Étudiant 98,ID0098,Physique,8
Étudiant 99,ID0099,Chimie,1
Étudiant 100,ID0100,Mathématiques,15
Étudiant 101,ID0101,Chimie,6
Étudiant 102,ID0102,Biologie,19
Étudiant 103,ID0103,Informatique,2
Étudiant 104,ID0104,Informatique,2
Étudiant 105,ID0105,Physique,16
Étudiant 106,ID0106,Informatique,4
Étudiant 107,ID0107,Physique,15
Étudiant 108,ID0108,Informatique,0
Étudiant 109,ID0109,Informatique,6
Étudiant 110,ID0110,Mathématiques,4
Étudiant 111,ID0111,Biologie,12
Étudiant 112,ID0112,Physique,10
Étudiant 113,ID0113,Chimie,20
Étudiant 114,ID0114,Mathématiques,20
Étudiant 115,ID0115,Informatique,17
Étudiant 116,ID0116,Chimie,15
Étudiant 117,ID0117,Informatique,1
Étudiant 118,ID0118,Chimie,6
Étudiant 119,ID0119,Physique,10
Étudiant 120,ID0120,Chimie,16
Étudiant 121,ID0121,Mathématiques,11
Étudiant 122,ID0122,Biologie,16
Étudiant 123,ID0123,Informatique,6
Étudiant 124,ID0124,Chimie,0
Étudiant 125,ID0125,Mathématiques,15
Étudiant 126,ID0126,Informatique,3
Étudiant 127,ID0127,Physique,12
Étudiant 128,ID0128,Informatique,3
Étudiant 129,ID0129,Mathématiques,13
Étudiant 130,ID0130,Physique,17
Étudiant 131,ID0131,Biologie,18
Étudiant 132,ID0132,Mathématiques,2
Étudiant 133,ID0133,Biologie,9
Étudiant 134,ID0134,Informatique,12
Étudiant 135,ID0135,Mathématiques,5
Étudiant 136,ID0136,Informatique,20
Étudiant 137,ID0137,Chimie,6
Étudiant 138,ID0138,Chimie,15
Étudiant 139,ID0139,Mathématiques,17
Étudiant 140,ID0140,Biologie,13
Étudiant 141,ID0141,Informatique,15
Étudiant 142,ID0142,Physique,14
Étudiant 143,ID0143,Chimie,14
Étudiant 144,ID0144,Chimie,1
Étudiant 145,ID0145,Physique,6
Étudiant 146,ID0146,Mathématiques,12
Étudiant 147,ID0147,Informatique,7
Étudiant 148,ID0148,Physique,19
Étudiant 149,ID0149,Informatique,11
Étudiant 150,ID0150,Biologie,12
Étudiant 151,ID0151,Biologie,12
Étudiant 152,ID0152,Informatique,5
Étudiant 153,ID0153,Biologie,3
Étudiant 154,ID0154,Mathématiques,14
Étudiant 155,ID0155,Chimie,15
Étudiant 156,ID0156,Physique,2
Étudiant 157,ID0157,Mathématiques,17
Étudiant 158,ID0158,Mathématiques,9
Étudiant 159,ID0159,Biologie,17
Étudiant 160,ID0160,Mathématiques,19
Étudiant 161,ID0161,Physique,5
Étudiant 162,ID0162,Chimie,16
Étudiant 163,ID0163,Informatique,10
Étudiant 164,ID0164,Informatique,18
Étudiant 165,ID0165,Chimie,11
Étudiant 166,ID0166,Informatique,3
Étudiant 167,ID0167,Biologie,17
Étudiant 168,ID0168,Physique,11
Étudiant 169,ID0169,Chimie,7
Étudiant 170,ID0170,Biologie,8
Étudiant 171,ID0171,Physique,14
Étudiant 172,ID0172,Biologie,11
Étudiant 173,ID0173,Mathématiques,2
Étudiant 174,ID0174,Chimie,0
Étudiant 175,ID0175,Biologie,6
Étudiant 176,ID0176,Chimie,10
Étudiant 177,ID0177,Mathématiques,20
Étudiant 178,ID0178,Mathématiques,15
Étudiant 179,ID0179,Physique,5
Étudiant 180,ID0180,Chimie,19
Étudiant 181,ID0181,Physique,18
Étudiant 182,ID0182,Physique,5
Étudiant 183,ID0183,Mathématiques,13
Étudiant 184,ID0184,Biologie,7
Étudiant 185,ID0185,Informatique,5
Étudiant 186,ID0186,Mathématiques,1
Étudiant 187,ID0187,Mathématiques,7
Étudiant 188,ID0188,Chimie,0
Étudiant 189,ID0189,Physique,15
Étudiant 190,ID0190,Chimie,17
Étudiant 191,ID0191,Biologie,5
Étudiant 192,ID0192,Chimie,18
Étudiant 193,ID0193,Biologie,11
Étudiant 194,ID0194,Physique,14
Étudiant 195,ID0195,Mathématiques,9
Étudiant 196,ID0196,Informatique,19
Étudiant 197,ID0197,Mathématiques,5
Étudiant 198,ID0198,Informatique,7
Étudiant 199,ID0199,Biologie,17
Étudiant 200,ID0200,Chimie,8
Étudiant 201,ID0201,Physique,8
Étudiant 202,ID0202,Mathématiques,9
Étudiant 203,ID0203,Chimie,15
Étudiant 204,ID0204,Physique,4
Étudiant 205,ID0205,Informatique,2
Étudiant 206,ID0206,Biologie,10
Étudiant 207,ID0207,Mathématiques,17
Étudiant 208,ID0208,Mathématiques,2
Étudiant 209,ID0209,Mathématiques,8
Étudiant 210,ID0210,Informatique,10
Étudiant 211,ID0211,Chimie,10
Étudiant 212,ID0212,Mathématiques,15
Étudiant 213,ID0213,Chimie,0
Étudiant 214,ID0214,Physique,20
Étudiant 215,ID0215,Physique,16
Étudiant 216,ID0216,Chimie,4
Étudiant 217,ID0217,Biologie,6
Étudiant 218,ID0218,Informatique,14
Étudiant 219,ID0219,Chimie,7
Étudiant 220,ID0220,Physique,12
Étudiant 221,ID0221,Informatique,16
Étudiant 222,ID0222,Chimie,11
Étudiant 223,ID0223,Biologie,15
Étudiant 224,ID0224,Informatique,3
Étudiant 225,ID0225,Chimie,16
Étudiant 226,ID0226,Mathématiques,17
Étudiant 227,ID0227,Informatique,20
Étudiant 228,ID0228,Chimie,20
Étudiant 229,ID0229,Biologie,2
Étudiant 230,ID0230,Chimie,15
Étudiant 231,ID0231,Biologie,20
Étudiant 232,ID0232,Mathématiques,6
Étudiant 233,ID0233,Chimie,8
Étudiant 234,ID0234,Chimie,6
Étudiant 235,ID0235,Informatique,16
Étudiant 236,ID0236,Chimie,18
Étudiant 237,ID0237,Mathématiques,17
Étudiant 238,ID0238,Biologie,17
Étudiant 239,ID0239,Informatique,18
Étudiant 240,ID0240,Mathématiques,8
Étudiant 241,ID0241,Informatique,17
Étudiant 242,ID0242,Chimie,6
Étudiant 243,ID0243,Physique,2
Étudiant 244,ID0244,Physique,18
Étudiant 245,ID0245,Mathématiques,18
Étudiant 246,ID0246,Informatique,6
Étudiant 247,ID0247,Physique,4
Étudiant 248,ID0248,Mathématiques,11
Étudiant 249,ID0249,Informatique,10
Étudiant 250,ID0250,Chimie,17
Étudiant 251,ID0251,Informatique,11
Étudiant 252,ID0252,Biologie,15
Étudiant 253,ID0253,Mathématiques,13
Étudiant 254,ID0254,Biologie,19
Étudiant 255,ID0255,Mathématiques,16
Étudiant 256,ID0256,Physique,7
Étudiant 257,ID0257,Mathématiques,0
Étudiant 258,ID0258,Mathématiques,1
Étudiant 259,ID0259,Biologie,19
Étudiant 260,ID0260,Mathématiques,9
Étudiant 261,ID0261,Biologie,5
Étudiant 262,ID0262,Informatique,12
Étudiant 263,ID0263,Mathématiques,3
Étudiant 264,ID0264,Chimie,18
Étudiant 265,ID0265,Biologie,8
Étudiant 266,ID0266,Biologie,0
Étudiant 267,ID0267,Biologie,17
Étudiant 268,ID0268,Physique,19
Étudiant 269,ID0269,Physique,13
Étudiant 270,ID0270,Mathématiques,1
Étudiant 271,ID0271,Chimie,17
Étudiant 272,ID0272,Chimie,20
Étudiant 273,ID0273,Biologie,13
Étudiant 274,ID0274,Chimie,0
Étudiant 275,ID0275,Mathématiques,9
Étudiant 276,ID0276,Informatique,16
Étudiant 277,ID0277,Biologie,11
Étudiant 278,ID0278,Biologie,19
Étudiant 279,ID0279,Biologie,11
Étudiant 280,ID0280,Chimie,15
Étudiant 281,ID0281,Biologie,10
Étudiant 282,ID0282,Biologie,10
Étudiant 283,ID0283,Chimie,17
Étudiant 284,ID0284,Chimie,13
Étudiant 285,ID0285,Physique,18
Étudiant 286,ID0286,Biologie,4
Étudiant 287,ID0287,Mathématiques,17
Étudiant 288,ID0288,Mathématiques,8
Étudiant 289,ID0289,Informatique,14
Étudiant 290,ID0290,Chimie,17
Étudiant 291,ID0291,Physique,12
Étudiant 292,ID0292,Chimie,4
Étudiant 293,ID0293,Physique,11
Étudiant 294,ID0294,Mathématiques,2
Étudiant 295,ID0295,Informatique,13
Étudiant 296,ID0296,Physique,8
Étudiant 297,ID0297,Informatique,2
Étudiant 298,ID0298,Informatique,8
Étudiant 299,ID0299,Mathématiques,13
Étudiant 300,ID0300,Biologie,19
Étudiant 301,ID0301,Chimie,19
Étudiant 302,ID0302,Mathématiques,4
Étudiant 303,ID0303,Chimie,1
Étudiant 304,ID0304,Biologie,16
Étudiant 305,ID0305,Mathématiques,3
Étudiant 306,ID0306,Informatique,15
Étudiant 307,ID0307,Informatique,2
Étudiant 308,ID0308,Informatique,16
Étudiant 309,ID0309,Physique,0
Étudiant 310,ID0310,Informatique,13
Étudiant 311,ID0311,Physique,7
Étudiant 312,ID0312,Mathématiques,6
Étudiant 313,ID0313,Chimie,20
Étudiant 314,ID0314,Physique,1
Étudiant 315,ID0315,Biologie,19
Étudiant 316,ID0316,Physique,14
Étudiant 317,ID0317,Biologie,8
Étudiant 318,ID0318,Physique,18
Étudiant 319,ID0319,Biologie,14
Étudiant 320,ID0320,Biologie,17
Étudiant 321,ID0321,Mathématiques,6
Étudiant 322,ID0322,Informatique,14
Étudiant 323,ID0323,Informatique,19
Étudiant 324,ID0324,Biologie,17
Étudiant 325,ID0325,Physique,10
Étudiant 326,ID0326,Physique,17
Étudiant 327,ID0327,Biologie,1
Étudiant 328,ID0328,Mathématiques,13
Étudiant 329,ID0329,Mathématiques,2
Étudiant 330,ID0330,Informatique,1
Étudiant 331,ID0331,Mathématiques,10
Étudiant 332,ID0332,Informatique,0
Étudiant 333,ID0333,Chimie,18
Étudiant 334,ID0334,Physique,4
Étudiant 335,ID0335,Physique,9
Étudiant 336,ID0336,Biologie,2
Étudiant 337,ID0337,Mathématiques,7
Étudiant 338,ID0338,Biologie,20
Étudiant 339,ID0339,Mathématiques,9
Étudiant 340,ID0340,Biologie,10
Étudiant 341,ID0341,Chimie,3
Étudiant 342,ID0342,Chimie,18
Étudiant 343,ID0343,Physique,9
Étudiant 344,ID0344,Biologie,11
Étudiant 345,ID0345,Physique,3
Étudiant 346,ID0346,Biologie,7
Étudiant 347,ID0347,Mathématiques,18
Étudiant 348,ID0348,Physique,18
Étudiant 349,ID0349,Mathématiques,6
Étudiant 350,ID0350,Mathématiques,13
Étudiant 351,ID0351,Informatique,0
Étudiant 352,ID0352,Chimie,17
Étudiant 353,ID0353,Physique,19
Étudiant 354,ID0354,Physique,1
Étudiant 355,ID0355,Physique,17
Étudiant 356,ID0356,Mathématiques,19
Étudiant 357,ID0357,Biologie,1
Étudiant 358,ID0358,Physique,15
Étudiant 359,ID0359,Informatique,7
Étudiant 360,ID0360,Chimie,3
Étudiant 361,ID0361,Chimie,7
Étudiant 362,ID0362,Informatique,0
Étudiant 363,ID0363,Mathématiques,14
Étudiant 364,ID0364,Chimie,14
Étudiant 365,ID0365,Informatique,17
Étudiant 366,ID0366,Mathématiques,11
Étudiant 367,ID0367,Mathématiques,3
Étudiant 368,ID0368,Chimie,2
Étudiant 369,ID0369,Chimie,2
Étudiant 370,ID0370,Physique,0
Étudiant 371,ID0371,Chimie,10
Étudiant 372,ID0372,Physique,12
Étudiant 373,ID0373,Chimie,10
Étudiant 374,ID0374,Chimie,20
Étudiant 375,ID0375,Mathématiques,6
Étudiant 376,ID0376,Mathématiques,20
Étudiant 377,ID0377,Biologie,0
Étudiant 378,ID0378,Physique,3
Étudiant 379,ID0379,Chimie,19
Étudiant 380,ID0380,Biologie,8
Étudiant 381,ID0381,Chimie,11
Étudiant 382,ID0382,Physique,6
Étudiant 383,ID0383,Physique,0
Étudiant 384,ID0384,Chimie,14
Étudiant 385,ID0385,Biologie,11
Étudiant 386,ID0386,Biologie,20
Étudiant 387,ID0387,Physique,19
Étudiant 388,ID0388,Physique,0
Étudiant 389,ID0389,Informatique,3
Étudiant 390,ID0390,Biologie,6
Étudiant 391,ID0391,Biologie,4
Étudiant 392,ID0392,Physique,2
Étudiant 393,ID0393,Chimie,9
Étudiant 394,ID0394,Mathématiques,16
Étudiant 395,ID0395,Biologie,11
Étudiant 396,ID0396,Chimie,9
Étudiant 397,ID0397,Mathématiques,15
Étudiant 398,ID0398,Mathématiques,5
Étudiant 399,ID0399,Physique,17
Étudiant 400,ID0400,Physique,6
Étudiant 401,ID0401,Informatique,4
Étudiant 402,ID0402,Biologie,11
Étudiant 403,ID0403,Chimie,2
Étudiant 404,ID0404,Mathématiques,19
Étudiant 405,ID0405,Mathématiques,18
Étudiant 406,ID0406,Mathématiques,0
Étudiant 407,ID0407,Biologie,12
Étudiant 408,ID0408,Biologie,3
Étudiant 409,ID0409,Biologie,9
Étudiant 410,ID0410,Informatique,19
Étudiant 411,ID0411,Informatique,4
Étudiant 412,ID0412,Biologie,18
Étudiant 413,ID0413,Biologie,0
Étudiant 414,ID0414,Physique,8
Étudiant 415,ID0415,Chimie,12
Étudiant 416,ID0416,Informatique,16
Étudiant 417,ID0417,Chimie,13
Étudiant 418,ID0418,Biologie,7
Étudiant 419,ID0419,Physique,18
Étudiant 420,ID0420,Mathématiques,2
Étudiant 421,ID0421,Mathématiques,1
Étudiant 422,ID0422,Chimie,10
Étudiant 423,ID0423,Physique,17
Étudiant 424,ID0424,Biologie,10
Étudiant 425,ID0425,Mathématiques,4
Étudiant 426,ID0426,Biologie,18
Étudiant 427,ID0427,Mathématiques,16
Étudiant 428,ID0428,Biologie,16
Étudiant 429,ID0429,Mathématiques,16
Étudiant 430,ID0430,Biologie,14
Étudiant 431,ID0431,Chimie,18
Étudiant 432,ID0432,Chimie,16
Étudiant 433,ID0433,Mathématiques,16
Étudiant 434,ID0434,Biologie,18
Étudiant 435,ID0435,Informatique,14
Étudiant 436,ID0436,Informatique,0
Étudiant 437,ID0437,Physique,19
Étudiant 438,ID0438,Mathématiques,11
Étudiant 439,ID0439,Physique,18
Étudiant 440,ID0440,Mathématiques,11
Étudiant 441,ID0441,Chimie,11
Étudiant 442,ID0442,Physique,1
Étudiant 443,ID0443,Informatique,10
Étudiant 444,ID0444,Chimie,19
Étudiant 445,ID0445,Informatique,15
Étudiant 446,ID0446,Informatique,15
Étudiant 447,ID0447,Chimie,9
Étudiant 448,ID0448,Biologie,18
Étudiant 449,ID0449,Physique,17
Étudiant 450,ID0450,Mathématiques,18
Étudiant 451,ID0451,Biologie,12
Étudiant 452,ID0452,Informatique,2
Étudiant 453,ID0453,Mathématiques,3
Étudiant 454,ID0454,Mathématiques,13
Étudiant 455,ID0455,Informatique,20
Étudiant 456,ID0456,Biologie,2
Étudiant 457,ID0457,Physique,14
Étudiant 458,ID0458,Chimie,4
Étudiant 459,ID0459,Informatique,13
Étudiant 460,ID0460,Informatique,3
Étudiant 461,ID0461,Informatique,14
Étudiant 462,ID0462,Mathématiques,6
Étudiant 463,ID0463,Mathématiques,5
Étudiant 464,ID0464,Informatique,6
Étudiant 465,ID0465,Physique,8
Étudiant 466,ID0466,Physique,13
Étudiant 467,ID0467,Informatique,6
Étudiant 468,ID0468,Physique,6
Étudiant 469,ID0469,Physique,8
Étudiant 470,ID0470,Physique,0
Étudiant 471,ID0471,Physique,10
Étudiant 472,ID0472,Mathématiques,20
Étudiant 473,ID0473,Biologie,18
Étudiant 474,ID0474,Mathématiques,8
Étudiant 475,ID0475,Informatique,11
Étudiant 476,ID0476,Informatique,0
Étudiant 477,ID0477,Biologie,6
Étudiant 478,ID0478,Chimie,14
Étudiant 479,ID0479,Chimie,5
Étudiant 480,ID0480,Chimie,14
Étudiant 481,ID0481,Informatique,17
Étudiant 482,ID0482,Biologie,5
Étudiant 483,ID0483,Chimie,0
Étudiant 484,ID0484,Mathématiques,10
Étudiant 485,ID0485,Informatique,17
Étudiant 486,ID0486,Biologie,7
Étudiant 487,ID0487,Mathématiques,20
Étudiant 488,ID0488,Mathématiques,14
Étudiant 489,ID0489,Chimie,4
Étudiant 490,ID0490,Biologie,15
Étudiant 491,ID0491,Physique,15
Étudiant 492,ID0492,Physique,1
Étudiant 493,ID0493,Chimie,11
Étudiant 494,ID0494,Mathématiques,15
Étudiant 495,ID0495,Mathématiques,7
Étudiant 496,ID0496,Chimie,19
Étudiant 497,ID0497,Physique,5
Étudiant 498,ID0498,Mathématiques,1
Étudiant 499,ID0499,Physique,17
Étudiant 500,ID0500,Informatique,19
Étudiant 501,ID0501,Mathématiques,11
Étudiant 502,ID0502,Mathématiques,7
Étudiant 503,ID0503,Mathématiques,19
Étudiant 504,ID0504,Biologie,17
Étudiant 505,ID0505,Chimie,7
Étudiant 506,ID0506,Physique,15
Étudiant 507,ID0507,Biologie,6
Étudiant 508,ID0508,Informatique,6
Étudiant 509,ID0509,Biologie,17
Étudiant 510,ID0510,Informatique,20
Étudiant 511,ID0511,Physique,11
Étudiant 512,ID0512,Chimie,12
Étudiant 513,ID0513,Physique,10
Étudiant 514,ID0514,Informatique,16
Étudiant 515,ID0515,Chimie,17
Étudiant 516,ID0516,Informatique,0
Étudiant 517,ID0517,Biologie,11
Étudiant 518,ID0518,Biologie,13
Étudiant 519,ID0519,Informatique,20
Étudiant 520,ID0520,Biologie,10
Étudiant 521,ID0521,Informatique,14
Étudiant 522,ID0522,Physique,11
Étudiant 523,ID0523,Biologie,6
Étudiant 524,ID0524,Biologie,10
Étudiant 525,ID0525,Chimie,12
Étudiant 526,ID0526,Mathématiques,5
Étudiant 527,ID0527,Informatique,16
Étudiant 528,ID0528,Chimie,14
Étudiant 529,ID0529,Chimie,13
Étudiant 530,ID0530,Physique,4
Étudiant 531,ID0531,Chimie,0
Étudiant 532,ID0532,Informatique,8
Étudiant 533,ID0533,Mathématiques,10
Étudiant 534,ID0534,Physique,9
Étudiant 535,ID0535,Physique,15
Étudiant 536,ID0536,Biologie,13
Étudiant 537,ID0537,Mathématiques,2
Étudiant 538,ID0538,Physique,12
Étudiant 539,ID0539,Chimie,16
Étudiant 540,ID0540,Physique,4
Étudiant 541,ID0541,Biologie,13
Étudiant 542,ID0542,Mathématiques,19
Étudiant 543,ID0543,Mathématiques,12
Étudiant 544,ID0544,Biologie,1
Étudiant 545,ID0545,Physique,8
Étudiant 546,ID0546,Mathématiques,8
Étudiant 547,ID0547,Biologie,5
Étudiant 548,ID0548,Biologie,4
Étudiant 549,ID0549,Chimie,12
Étudiant 550,ID0550,Informatique,1
Étudiant 551,ID0551,Biologie,11
Étudiant 552,ID0552,Physique,13
Étudiant 553,ID0553,Chimie,16
Étudiant 554,ID0554,Informatique,20
Étudiant 555,ID0555,Physique,6
Étudiant 556,ID0556,Chimie,9
Étudiant 557,ID0557,Biologie,10
Étudiant 558,ID0558,Biologie,12
Étudiant 559,ID0559,Informatique,0
Étudiant 560,ID0560,Chimie,2
Étudiant 561,ID0561,Biologie,9
Étudiant 562,ID0562,Chimie,15
Étudiant 563,ID0563,Physique,14
Étudiant 564,ID0564,Informatique,3
Étudiant 565,ID0565,Biologie,3
Étudiant 566,ID0566,Informatique,7
Étudiant 567,ID0567,Biologie,15
Étudiant 568,ID0568,Chimie,14
Étudiant 569,ID0569,Chimie,4
Étudiant 570,ID0570,Physique,17
Étudiant 571,ID0571,Physique,6
Étudiant 572,ID0572,Chimie,20
Étudiant 573,ID0573,Mathématiques,15
Étudiant 574,ID0574,Physique,2
Étudiant 575,ID0575,Mathématiques,4
Étudiant 576,ID0576,Mathématiques,11
Étudiant 577,ID0577,Informatique,11
Étudiant 578,ID0578,Physique,2
Étudiant 579,ID0579,Informatique,15
Étudiant 580,ID0580,Physique,2
Étudiant 581,ID0581,Physique,6
Étudiant 582,ID0582,Biologie,17
Étudiant 583,ID0583,Biologie,3
Étudiant 584,ID0584,Informatique,5
Étudiant 585,ID0585,Chimie,9
Étudiant 586,ID0586,Informatique,5
Étudiant 587,ID0587,Mathématiques,14
Étudiant 588,ID0588,Physique,10
Étudiant 589,ID0589,Mathématiques,17
Étudiant 590,ID0590,Mathématiques,4
Étudiant 591,ID0591,Physique,8
Étudiant 592,ID0592,Physique,7
Étudiant 593,ID0593,Informatique,20
Étudiant 594,ID0594,Informatique,13
Étudiant 595,ID0595,Chimie,16
Étudiant 596,ID0596,Chimie,1
Étudiant 597,ID0597,Physique,3
Étudiant 598,ID0598,Physique,16
Étudiant 599,ID0599,Chimie,16
Étudiant 600,ID0600,Chimie,4
Étudiant 601,ID0601,Physique,9
Étudiant 602,ID0602,Informatique,18
Étudiant 603,ID0603,Biologie,5
Étudiant 604,ID0604,Chimie,11
Étudiant 605,ID0605,Physique,15
Étudiant 606,ID0606,Informatique,2
Étudiant 607,ID0607,Physique,0
Étudiant 608,ID0608,Informatique,7
Étudiant 609,ID0609,Informatique,2
Étudiant 610,ID0610,Mathématiques,4
Étudiant 611,ID0611,Mathématiques,3
Étudiant 612,ID0612,Physique,10
Étudiant 613,ID0613,Biologie,4
Étudiant 614,ID0614,Informatique,7
Étudiant 615,ID0615,Physique,12
Étudiant 616,ID0616,Mathématiques,12
Étudiant 617,ID0617,Physique,18
Étudiant 618,ID0618,Biologie,7
Étudiant 619,ID0619,Biologie,20
Étudiant 620,ID0620,Physique,17
Étudiant 621,ID0621,Informatique,2
Étudiant 622,ID0622,Physique,20
Étudiant 623,ID0623,Informatique,12
Étudiant 624,ID0624,Physique,10
Étudiant 625,ID0625,Biologie,1
Étudiant 626,ID0626,Mathématiques,12
Étudiant 627,ID0627,Mathématiques,14
Étudiant 628,ID0628,Mathématiques,14
Étudiant 629,ID0629,Physique,12
Étudiant 630,ID0630,Informatique,4
Étudiant 631,ID0631,Biologie,11
Étudiant 632,ID0632,Chimie,0
Étudiant 633,ID0633,Informatique,9
Étudiant 634,ID0634,Physique,2
Étudiant 635,ID0635,Biologie,12
Étudiant 636,ID0636,Chimie,5
Étudiant 637,ID0637,Physique,4
Étudiant 638,ID0638,Biologie,10
Étudiant 639,ID0639,Informatique,4
Étudiant 640,ID0640,Mathématiques,11
Étudiant 641,ID0641,Mathématiques,5
Étudiant 642,ID0642,Chimie,19
Étudiant 643,ID0643,Informatique,20
Étudiant 644,ID0644,Biologie,13
Étudiant 645,ID0645,Biologie,4
Étudiant 646,ID0646,Physique,17
Étudiant 647,ID0647,Biologie,2
Étudiant 648,ID0648,Informatique,10
Étudiant 649,ID0649,Mathématiques,17
Étudiant 650,ID0650,Mathématiques,6
Étudiant 651,ID0651,Informatique,16
Étudiant 652,ID0652,Physique,17
Étudiant 653,ID0653,Physique,12
Étudiant 654,ID0654,Chimie,18
Étudiant 655,ID0655,Biologie,6
Étudiant 656,ID0656,Informatique,5
Étudiant 657,ID0657,Biologie,3
Étudiant 658,ID0658,Mathématiques,17
Étudiant 659,ID0659,Physique,6
Étudiant 660,ID0660,Mathématiques,10
Étudiant 661,ID0661,Biologie,2
Étudiant 662,ID0662,Informatique,12
Étudiant 663,ID0663,Informatique,2
Étudiant 664,ID0664,Physique,12
Étudiant 665,ID0665,Biologie,19
Étudiant 666,ID0666,Chimie,12
Étudiant 667,ID0667,Biologie,14
Étudiant 668,ID0668,Informatique,14
Étudiant 669,ID0669,Informatique,13
Étudiant 670,ID0670,Mathématiques,17
Étudiant 671,ID0671,Chimie,18
Étudiant 672,ID0672,Informatique,8
Étudiant 673,ID0673,Informatique,20
Étudiant 674,ID0674,Informatique,3
Étudiant 675,ID0675,Informatique,9
Étudiant 676,ID0676,Physique,16
Étudiant 677,ID0677,Informatique,6
Étudiant 678,ID0678,Informatique,9
Étudiant 679,ID0679,Biologie,4
Étudiant 680,ID0680,Mathématiques,13
Étudiant 681,ID0681,Informatique,1
Étudiant 682,ID0682,Physique,16
Étudiant 683,ID0683,Physique,16
Étudiant 684,ID0684,Chimie,6
Étudiant 685,ID0685,Chimie,5
Étudiant 686,ID0686,Mathématiques,20
Étudiant 687,ID0687,Chimie,5
Étudiant 688,ID0688,Physique,5
Étudiant 689,ID0689,Physique,19
Étudiant 690,ID0690,Mathématiques,16
Étudiant 691,ID0691,Physique,20
Étudiant 692,ID0692,Physique,4
Étudiant 693,ID0693,Physique,19
Étudiant 694,ID0694,Physique,12
Étudiant 695,ID0695,Biologie,4
Étudiant 696,ID0696,Biologie,7
Étudiant 697,ID0697,Physique,7
Étudiant 698,ID0698,Biologie,4
Étudiant 699,ID0699,Physique,12
Étudiant 700,ID0700,Mathématiques,15
Étudiant 701,ID0701,Mathématiques,20
Étudiant 702,ID0702,Chimie,6
Étudiant 703,ID0703,Mathématiques,19
Étudiant 704,ID0704,Chimie,3
Étudiant 705,ID0705,Physique,6
Étudiant 706,ID0706,Mathématiques,3
Étudiant 707,ID0707,Physique,6
Étudiant 708,ID0708,Physique,6
Étudiant 709,ID0709,Chimie,9
Étudiant 710,ID0710,Informatique,4
Étudiant 711,ID0711,Biologie,16
Étudiant 712,ID0712,Mathématiques,3
Étudiant 713,ID0713,Mathématiques,6
Étudiant 714,ID0714,Chimie,7
Étudiant 715,ID0715,Informatique,3
Étudiant 716,ID0716,Biologie,14
Étudiant 717,ID0717,Informatique,7
Étudiant 718,ID0718,Mathématiques,4
Étudiant 719,ID0719,Biologie,8
Étudiant 720,ID0720,Physique,17
Étudiant 721,ID0721,Physique,17
Étudiant 722,ID0722,Mathématiques,8
Étudiant 723,ID0723,Informatique,5
Étudiant 724,ID0724,Biologie,3
Étudiant 725,ID0725,Informatique,14
Étudiant 726,ID0726,Chimie,5
Étudiant 727,ID0727,Informatique,5
Étudiant 728,ID0728,Biologie,5
Étudiant 729,ID0729,Chimie,8
Étudiant 730,ID0730,Biologie,14
Étudiant 731,ID0731,Chimie,19
Étudiant 732,ID0732,Chimie,11
Étudiant 733,ID0733,Biologie,19
Étudiant 734,ID0734,Physique,15
Étudiant 735,ID0735,Physique,16
Étudiant 736,ID0736,Informatique,2
Étudiant 737,ID0737,Physique,9
Étudiant 738,ID0738,Mathématiques,14
Étudiant 739,ID0739,Biologie,3
Étudiant 740,ID0740,Physique,12
Étudiant 741,ID0741,Informatique,11
Étudiant 742,ID0742,Informatique,14
Étudiant 743,ID0743,Chimie,6
Étudiant 744,ID0744,Chimie,7
Étudiant 745,ID0745,Mathématiques,5
Étudiant 746,ID0746,Physique,6
Étudiant 747,ID0747,Chimie,1
Étudiant 748,ID0748,Mathématiques,13
Étudiant 749,ID0749,Informatique,2
Étudiant 750,ID0750,Physique,20
Étudiant 751,ID0751,Physique,13
Étudiant 752,ID0752,Biologie,13
Étudiant 753,ID0753,Physique,16
Étudiant 754,ID0754,Biologie,17
Étudiant 755,ID0755,Biologie,9
Étudiant 756,ID0756,Chimie,20
Étudiant 757,ID0757,Informatique,8
Étudiant 758,ID0758,Informatique,19
Étudiant 759,ID0759,Physique,9
Étudiant 760,ID0760,Biologie,12
Étudiant 761,ID0761,Physique,9
Étudiant 762,ID0762,Biologie,2
Étudiant 763,ID0763,Mathématiques,17
Étudiant 764,ID0764,Physique,1
Étudiant 765,ID0765,Biologie,20
Étudiant 766,ID0766,Biologie,10
Étudiant 767,ID0767,Mathématiques,18
Étudiant 768,ID0768,Chimie,12
Étudiant 769,ID0769,Informatique,17
Étudiant 770,ID0770,Informatique,18
Étudiant 771,ID0771,Mathématiques,12
Étudiant 772,ID0772,Biologie,14
Étudiant 773,ID0773,Informatique,19
Étudiant 774,ID0774,Mathématiques,7
Étudiant 775,ID0775,Physique,7
Étudiant 776,ID0776,Biologie,8
Étudiant 777,ID0777,Mathématiques,16
Étudiant 778,ID0778,Mathématiques,8
Étudiant 779,ID0779,Mathématiques,19
Étudiant 780,ID0780,Mathématiques,12
Étudiant 781,ID0781,Informatique,18
Étudiant 782,ID0782,Chimie,14
Étudiant 783,ID0783,Informatique,10
Étudiant 784,ID0784,Chimie,8
Étudiant 785,ID0785,Informatique,5
Étudiant 786,ID0786,Mathématiques,2
Étudiant 787,ID0787,Biologie,13
Étudiant 788,ID0788,Informatique,7
Étudiant 789,ID0789,Biologie,15
Étudiant 790,ID0790,Chimie,0
Étudiant 791,ID0791,Mathématiques,8
Étudiant 792,ID0792,Informatique,10
Étudiant 793,ID0793,Mathématiques,5
Étudiant 794,ID0794,Physique,10
Étudiant 795,ID0795,Biologie,12
Étudiant 796,ID0796,Biologie,0
Étudiant 797,ID0797,Physique,2
Étudiant 798,ID0798,Physique,0
Étudiant 799,ID0799,Mathématiques,9
Étudiant 800,ID0800,Chimie,3
Étudiant 801,ID0801,Biologie,20
Étudiant 802,ID0802,Biologie,18
Étudiant 803,ID0803,Informatique,19
Étudiant 804,ID0804,Mathématiques,6
Étudiant 805,ID0805,Mathématiques,7
Étudiant 806,ID0806,Mathématiques,7
Étudiant 807,ID0807,Chimie,0
Étudiant 808,ID0808,Biologie,13
Étudiant 809,ID0809,Physique,3
Étudiant 810,ID0810,Biologie,9
Étudiant 811,ID0811,Informatique,0
Étudiant 812,ID0812,Mathématiques,16
Étudiant 813,ID0813,Informatique,10
Étudiant 814,ID0814,Mathématiques,0
Étudiant 815,ID0815,Chimie,15
Étudiant 816,ID0816,Informatique,13
Étudiant 817,ID0817,Chimie,8
Étudiant 818,ID0818,Biologie,13
Étudiant 819,ID0819,Physique,8
Étudiant 820,ID0820,Biologie,2
Étudiant 821,ID0821,Informatique,6
Étudiant 822,ID0822,Chimie,3
Étudiant 823,ID0823,Physique,15
Étudiant 824,ID0824,Informatique,20
Étudiant 825,ID0825,Mathématiques,20
Étudiant 826,ID0826,Informatique,15
Étudiant 827,ID0827,Informatique,2
Étudiant 828,ID0828,Chimie,17
Étudiant 829,ID0829,Chimie,3
Étudiant 830,ID0830,Physique,0
Étudiant 831,ID0831,Chimie,14
Étudiant 832,ID0832,Biologie,14
Étudiant 833,ID0833,Physique,15
Étudiant 834,ID0834,Physique,2
Étudiant 835,ID0835,Informatique,13
Étudiant 836,ID0836,Mathématiques,15
Étudiant 837,ID0837,Mathématiques,20
Étudiant 838,ID0838,Chimie,14
Étudiant 839,ID0839,Informatique,19
Étudiant 840,ID0840,Physique,13
Étudiant 841,ID0841,Physique,1
Étudiant 842,ID0842,Mathématiques,19
Étudiant 843,ID0843,Chimie,11
Étudiant 844,ID0844,Physique,10
Étudiant 845,ID0845,Biologie,19
Étudiant 846,ID0846,Chimie,10
Étudiant 847,ID0847,Chimie,1
Étudiant 848,ID0848,Physique,4
Étudiant 849,ID0849,Biologie,9
Étudiant 850,ID0850,Informatique,18
Étudiant 851,ID0851,Mathématiques,8
Étudiant 852,ID0852,Physique,8
Étudiant 853,ID0853,Physique,2
Étudiant 854,ID0854,Biologie,4
Étudiant 855,ID0855,Informatique,17
Étudiant 856,ID0856,Mathématiques,18
Étudiant 857,ID0857,Chimie,6
Étudiant 858,ID0858,Chimie,3
Étudiant 859,ID0859,Physique,8
Étudiant 860,ID0860,Mathématiques,3
Étudiant 861,ID0861,Mathématiques,13
Étudiant 862,ID0862,Biologie,20
Étudiant 863,ID0863,Physique,4
Étudiant 864,ID0864,Biologie,3
Étudiant 865,ID0865,Informatique,13
Étudiant 866,ID0866,Mathématiques,9
Étudiant 867,ID0867,Physique,20
Étudiant 868,ID0868,Mathématiques,0
Étudiant 869,ID0869,Biologie,10
Étudiant 870,ID0870,Mathématiques,9
Étudiant 871,ID0871,Biologie,2
Étudiant 872,ID0872,Biologie,7
Étudiant 873,ID0873,Biologie,16
Étudiant 874,ID0874,Chimie,10
Étudiant 875,ID0875,Mathématiques,15
Étudiant 876,ID0876,Informatique,7
Étudiant 877,ID0877,Informatique,2
Étudiant 878,ID0878,Chimie,7
Étudiant 879,ID0879,Chimie,5
Étudiant 880,ID0880,Physique,0
Étudiant 881,ID0881,Physique,8
Étudiant 882,ID0882,Informatique,5
Étudiant 883,ID0883,Informatique,20
Étudiant 884,ID0884,Chimie,3
Étudiant 885,ID0885,Physique,20
Étudiant 886,ID0886,Mathématiques,7
Étudiant 887,ID0887,Physique,5
Étudiant 888,ID0888,Informatique,9
Étudiant 889,ID0889,Informatique,10
Étudiant 890,ID0890,Informatique,18
Étudiant 891,ID0891,Mathématiques,18
Étudiant 892,ID0892,Chimie,3
Étudiant 893,ID0893,Chimie,14
Étudiant 894,ID0894,Chimie,10
Étudiant 895,ID0895,Biologie,1
Étudiant 896,ID0896,Physique,10
Étudiant 897,ID0897,Mathématiques,13
Étudiant 898,ID0898,Biologie,10
Étudiant 899,ID0899,Informatique,5
Étudiant 900,ID0900,Chimie,3
Étudiant 901,ID0901,Informatique,17
Étudiant 902,ID0902,Physique,0
Étudiant 903,ID0903,Physique,11
Étudiant 904,ID0904,Chimie,1
Étudiant 905,ID0905,Physique,5
Étudiant 906,ID0906,Physique,15
Étudiant 907,ID0907,Physique,2
Étudiant 908,ID0908,Informatique,18
Étudiant 909,ID0909,Biologie,2
Étudiant 910,ID0910,Mathématiques,7
Étudiant 911,ID0911,Informatique,17
Étudiant 912,ID0912,Physique,8
Étudiant 913,ID0913,Informatique,20
Étudiant 914,ID0914,Chimie,10
Étudiant 915,ID0915,Informatique,6
Étudiant 916,ID0916,Biologie,16
Étudiant 917,ID0917,Mathématiques,8
Étudiant 918,ID0918,Informatique,4
Étudiant 919,ID0919,Mathématiques,1
Étudiant 920,ID0920,Mathématiques,16
Étudiant 921,ID0921,Informatique,0
Étudiant 922,ID0922,Biologie,1
Étudiant 923,ID0923,Chimie,17
Étudiant 924,ID0924,Physique,17
Étudiant 925,ID0925,Physique,11
Étudiant 926,ID0926,Mathématiques,11
Étudiant 927,ID0927,Physique,18
Étudiant 928,ID0928,Mathématiques,10
Étudiant 929,ID0929,Physique,11
Étudiant 930,ID0930,Informatique,19
Étudiant 931,ID0931,Informatique,20
Étudiant 932,ID0932,Physique,12
Étudiant 933,ID0933,Chimie,8
Étudiant 934,ID0934,Mathématiques,19
Étudiant 935,ID0935,Mathématiques,12
Étudiant 936,ID0936,Chimie,20
Étudiant 937,ID0937,Physique,1
Étudiant 938,ID0938,Physique,5
Étudiant 939,ID0939,Informatique,3
Étudiant 940,ID0940,Biologie,11
Étudiant 941,ID0941,Physique,10
Étudiant 942,ID0942,Biologie,8
Étudiant 943,ID0943,Biologie,7
Étudiant 944,ID0944,Physique,18
Étudiant 945,ID0945,Biologie,9
Étudiant 946,ID0946,Biologie,13
Étudiant 947,ID0947,Mathématiques,13
Étudiant 948,ID0948,Physique,3
Étudiant 949,ID0949,Biologie,3
Étudiant 950,ID0950,Informatique,10
Étudiant 951,ID0951,Informatique,5
Étudiant 952,ID0952,Informatique,4
Étudiant 953,ID0953,Physique,6
Étudiant 954,ID0954,Chimie,15
Étudiant 955,ID0955,Mathématiques,20
Étudiant 956,ID0956,Mathématiques,0
Étudiant 957,ID0957,Biologie,17
Étudiant 958,ID0958,Biologie,12
Étudiant 959,ID0959,Mathématiques,11
Étudiant 960,ID0960,Mathématiques,1
Étudiant 961,ID0961,Physique,7
Étudiant 962,ID0962,Mathématiques,6
Étudiant 963,ID0963,Physique,16
Étudiant 964,ID0964,Physique,6
Étudiant 965,ID0965,Physique,11
Étudiant 966,ID0966,Mathématiques,12
Étudiant 967,ID0967,Mathématiques,5
Étudiant 968,ID0968,Biologie,8
Étudiant 969,ID0969,Chimie,0
Étudiant 970,ID0970,Physique,4
Étudiant 971,ID0971,Biologie,10
Étudiant 972,ID0972,Biologie,15
Étudiant 973,ID0973,Mathématiques,3
Étudiant 974,ID0974,Mathématiques,12
Étudiant 975,ID0975,Informatique,6
Étudiant 976,ID0976,Chimie,6
Étudiant 977,ID0977,Biologie,9
Étudiant 978,ID0978,Mathématiques,11
Étudiant 979,ID0979,Mathématiques,12
Étudiant 980,ID0980,Chimie,13
Étudiant 981,ID0981,Mathématiques,11
Étudiant 982,ID0982,Biologie,17
Étudiant 983,ID0983,Informatique,12
Étudiant 984,ID0984,Informatique,10
Étudiant 985,ID0985,Mathématiques,19
Étudiant 986,ID0986,Physique,8
Étudiant 987,ID0987,Informatique,20
Étudiant 988,ID0988,Chimie,9
Étudiant 989,ID0989,Chimie,16
Étudiant 990,ID0990,Chimie,10
Étudiant 991,ID0991,Biologie,8
Étudiant 992,ID0992,Chimie,13
Étudiant 993,ID0993,Informatique,10
Étudiant 994,ID0994,Chimie,12
Étudiant 995,ID0995,Mathématiques,17
Étudiant 996,ID0996,Chimie,20
Étudiant 997,ID0997,Chimie,16
Étudiant 998,ID0998,Mathématiques,17
Étudiant 999,ID0999,Mathématiques,4
Étudiant 1000,ID1000,Physique,18
